"// Phenotype data set from Mouse Phenome Database (phenome.jax.org)",,,,,,,,
"// Data set: Nadeau2    Title: Diet effects on body weight and metabolic traits in the C57BL/6J-Chr#<sup>A/J</sup>/NaJ mouse chromosome substitution panel (males)    Year: 2015",,,,,,,,
"// Table of individual animal values",,,,,,,,,,,
"// For more info on these data visit phenome.jax.org and type Nadeau2 into search box",,,,,,,,,,
,,,,,,,,,,,
strain,sex,id,animal_facility,bw_start,bw_end,bw_gain,body_length,BMI,GLU,INS,HOMA_IR,CHOL,TG,liver_wt,liver_TG,liver_TG_tot
A/J,m,16,ARC,19.61,33.12,13.51,10.8,0.28,9.49,35.11,2.09,3.17,1.07,0.95,114,108.3
A/J,m,17,ARC,18.85,32.59,13.74,10.9,0.27,11.71,62.47,4.58,3.15,1.54,0.96,95,91.39
A/J,m,18,ARC,17.83,29.56,11.73,10.8,0.25,11.32,24.95,1.77,2.63,0.86,0.92,107,98.55
A/J,m,19,ARC,17.09,25.94,8.85,10.1,0.25,10.66,40.27,2.69,3.38,0.66,0.94,67,63.11
A/J,m,20,ARC,17.42,28.08,10.66,10.1,0.28,9.71,106.19,6.46,2.76,0.8,0.82,109,89.27
A/J,m,21,ARC,18.52,28.95,10.43,10.1,0.28,10.71,33.56,2.25,2.65,0.66,0.82,79,64.54
A/J,m,22,ARC,16.73,29.3,12.57,9.8,0.31,14.99,94.66,8.88,3.43,1.07,0.84,49,41.31
A/J,m,23,ARC,20.38,28.41,8.03,10.1,0.28,11.93,70.04,5.23,2.86,1.47,0.85,36,30.64
A/J,m,24,ARC,18.05,29.64,11.59,10.2,0.29,12.15,40.27,3.07,3.12,0.76,0.8,60,47.94
A/J,m,25,ARC,16.81,30.4,13.59,10.1,0.3,10.38,68.5,4.45,3.07,0.8,0.86,104,89.44
A/J,m,26,ARC,18.44,29.93,11.49,10.2,0.29,11.16,38.55,2.69,2.96,0.92,0.86,71,60.78
A/J,m,27,ARC,16.06,25.17,9.11,9.8,0.26,12.65,29.95,2.37,3.48,0.68,0.72,63,45.61
A/J,m,28,ARC,18.65,29.92,11.27,10.5,0.27,10.32,111.18,7.19,2.47,1.16,0.87,58,50.58
A/J,m,29,ARC,16.75,28.67,11.92,10.5,0.26,11.32,25.99,1.84,2.44,1,0.78,58,45.07
A/J,m,30,ARC,16.54,29.01,12.47,10.2,0.28,12.21,36.83,2.82,2.86,0.96,0.8,74,59.35
A/J,m,31,ARC,16.42,30.07,13.65,10.2,0.29,13.76,42.16,3.63,2.91,1.25,0.79,102,80.89
A/J,m,32,ARC,15.34,31.38,16.04,10.2,0.3,13.65,65.4,5.59,3.02,0.66,0.85,79,66.83
A/J,m,33,ARC,16.75,28.67,11.92,10.5,0.26,11.93,26.5,1.98,2.44,0.9,0.78,58,45.07
A/J,m,34,ARC,16.54,29.01,12.47,10.2,0.28,13.26,37.86,3.14,2.86,0.91,0.8,74,59.35
A/J,m,35,ARC,16.42,30.07,13.65,10.2,0.29,12.88,43.2,3.48,2.91,1.04,0.79,102,80.89
A/J,m,36,ARC,15.34,31.38,16.04,10.2,0.3,13.76,66.43,5.73,3.02,0.62,0.85,79,66.83
A/J,m,37,ARC,17.24,36.56,19.32,10.7,0.32,12.93,46.81,3.79,2.86,0.76,1,97,97.1
A/J,m,38,WAF,19.51,25.03,5.52,10.1,0.25,15.87,18.24,1.81,3.2,0.73,0.81,51,41.11
A/J,m,39,WAF,18.92,24.65,5.73,9.9,0.25,11.43,45.78,3.28,2.5,0.3,0.86,74,63.34
A/J,m,40,WAF,19.61,25.43,5.82,10.2,0.24,13.15,42.51,3.5,3.25,0.95,0.82,50,41.2
A/J,m,41,WAF,15.54,22.23,6.69,10,0.22,10.99,27.02,1.86,2.91,0.68,0.77,69,53.06
A/J,m,42,WAF,18.48,25.34,6.86,9.9,0.26,12.04,60.58,4.57,2.78,0.38,0.89,66,58.48
A/J,m,43,WAF,18.84,25.84,7,10.3,0.24,13.21,45.09,3.73,2.7,0.38,0.95,38,36.18
A/J,m,44,WAF,19.17,26.22,7.05,10.2,0.25,13.04,53.7,4.39,2.73,0.35,0.97,34,32.95
A/J,m,45,WAF,18.59,25.7,7.11,10,0.26,11.43,45.61,3.27,2.81,0.41,0.78,67,52.26
A/J,m,46,WAF,14.71,21.91,7.2,9.8,0.23,13.88,33.9,2.95,2.68,0.29,0.85,40,34.12
A/J,m,47,WAF,15.45,22.68,7.23,10,0.23,10.66,70.56,4.71,2.73,0.29,0.92,36,33.12
A/J,m,48,WAF,15.21,22.71,7.5,9.7,0.24,14.93,46.29,4.33,2.31,0.56,0.79,67,53.06
A/J,m,49,WAF,18.8,26.6,7.8,10.2,0.26,16.26,19.1,1.95,3.2,0.82,0.81,57,46
A/J,m,50,WAF,19.18,26.99,7.81,10,0.27,13.65,37.86,3.24,2.99,0.63,0.81,39,31.67
A/J,m,51,WAF,17.14,25.11,7.97,10,0.25,14.21,37.86,3.37,2.83,0.4,0.86,59,50.8
A/J,m,52,WAF,14.86,22.84,7.98,9.8,0.24,12.93,29.43,2.38,2.63,0.29,0.82,59,48.44
A/J,m,53,WAF,17.61,25.71,8.1,10.2,0.25,14.54,48.19,4.39,2.44,0.58,0.79,64,50.43
A/J,m,54,WAF,15.34,23.69,8.35,10,0.24,11.21,102.92,7.23,2.6,0.59,0.87,31,27.09
A/J,m,55,WAF,16.14,24.55,8.41,9.9,0.25,12.38,81.23,6.3,3.12,0.44,0.84,81,67.88
A/J,m,56,WAF,14.91,23.44,8.53,9.9,0.24,13.6,39.93,3.4,2.7,0.31,0.85,41,34.65
A/J,m,57,WAF,16.54,25.31,8.77,9.9,0.26,13.1,34.76,2.85,2.65,0.44,0.79,63,49.52
A/J,m,58,WAF,15.37,24.16,8.79,9.9,0.25,13.99,39.24,3.44,2.94,0.48,0.94,70,66.01
A/J,m,59,WAF,16.4,25.22,8.82,10,0.25,13.65,31.15,2.66,2.76,0.5,0.8,54,43.42
A/J,m,60,WAF,17.61,26.44,8.83,10.3,0.25,11.93,32.7,2.44,2.65,0.62,0.82,54,44.28
A/J,m,61,WAF,17.45,26.31,8.86,10,0.26,13.49,55.59,4.69,2.7,0.64,0.87,59,51.57
A/J,m,62,WAF,16.66,25.64,8.98,10,0.26,12.71,34.59,2.75,2.94,0.55,0.84,58,48.6
A/J,m,63,WAF,12.88,21.95,9.07,9.6,0.24,13.15,52.83,4.35,2.52,0.51,0.76,53,40.07
A/J,m,64,WAF,16.11,25.2,9.09,10,0.25,10.99,22.89,1.58,2.73,0.59,0.91,69,62.86
A/J,m,65,WAF,16.76,26.01,9.25,10.2,0.25,13.43,30.46,2.56,2.81,0.41,0.82,64,52.48
A/J,m,66,WAF,16.62,26.01,9.39,10.1,0.26,13.54,79.34,6.73,3.02,0.9,0.83,49,40.47
A/J,m,67,WAF,16.46,26.13,9.67,10.2,0.25,13.1,64.71,5.31,2.7,0.49,0.89,47,41.97
A/J,m,68,WAF,18.39,29.91,11.52,10.3,0.28,13.04,47.33,3.87,2.94,0.88,0.89,71,63.4
A/J,m,69,WAF,16.72,28.73,12.01,10.2,0.28,12.04,25.99,1.96,2.94,0.92,0.91,77,69.76
A/J,m,70,WAF,17.72,30.09,12.37,10.7,0.26,13.26,84.67,7.03,3.02,0.86,0.88,64,56.32
A/J,m,71,WAF,18.98,32.93,13.95,10.4,0.3,12.21,51.29,3.92,3.2,1.09,1.02,67,68.41
A/J,m,72,WAF,18,36.51,18.51,10.5,0.33,13.76,41.48,3.57,3.77,0.78,0.99,79,78.13
A/J,m,73,WAF,16.4,25.34,8.94,9.8,0.26,10.43,16.35,1.07,3.72,0.51,0.88,64,56.19
A/J,m,74,WAF,18,26.83,8.83,10.3,0.25,10.99,21.86,1.5,3.72,0.76,1.15,61,70.15
A/J,m,75,WAF,17.02,25.16,8.14,10.2,0.24,11.99,16.87,1.27,3.56,1.01,0.86,85,73.19
A/J,m,76,WAF,18.24,31.11,12.87,10.5,0.28,16.82,66.43,7,2.83,1.08,1.07,42,44.9
A/J,m,77,WAF,18.69,26.9,8.21,10.3,0.25,17.15,47.33,5.08,2.78,0.98,0.83,50,41.5
A/J,m,78,WAF,18.18,25.71,7.53,10.2,0.25,16.15,55.07,5.57,2.52,0.71,0.85,60,51.12
A/J,m,79,WAF,15.22,21.6,6.38,9.8,0.23,12.65,31.67,2.51,2.47,0.33,0.84,44,36.96
A/J,m,80,WAF,19.85,27.72,7.87,10.2,0.27,15.1,46.98,4.44,2.5,0.9,0.8,44,35.2
A/J,m,81,WAF,20.84,24.24,3.4,10.3,0.23,11.99,64.19,4.82,2.65,0.62,0.91,44,40.22
A/J,m,82,WAF,18.07,28.51,10.44,10.3,0.27,13.38,54.9,4.6,2.68,0.71,0.9,52,46.85
A/J,m,83,WAF,22.33,36.11,13.78,10.7,0.32,14.04,92.07,8.1,3.2,0.89,1.2,87,104.49
A/J,m,84,WAF,19.87,30.89,11.02,10.5,0.28,11.99,73.83,5.54,2.81,0.44,1.15,75,85.95
A/J,m,85,WAF,19.96,28.51,8.55,10.3,0.27,13.21,56.62,4.68,3.46,0.84,0.85,50,42.7
A/J,m,86,WAF,18.36,29.71,11.35,10.4,0.28,11.77,43.89,3.23,2.91,0.5,1.05,69,72.31
A/J,m,87,WAF,16.48,31.1,14.62,10.4,0.29,12.1,48.02,3.64,3.09,0.97,0.9,80,71.76
A/J,m,88,WAF,18.65,34.74,16.09,10.5,0.32,14.32,84.67,7.59,3.15,0.89,1.15,102,117.5
A/J,m,89,WAF,18.54,30.35,11.81,10.5,0.28,12.43,73.31,5.71,2.99,0.51,1.12,62,69.32
A/J,m,90,WAF,19.18,36.21,17.03,10.6,0.32,14.1,49.74,4.39,3.02,0.7,1.07,85,90.7
A/J,m,91,WAF,18.29,25.19,6.9,10.1,0.25,10.6,62.64,4.16,2.94,0.43,1.03,45,46.44
A/J,m,92,WAF,18.58,31.76,13.18,10.4,0.29,13.32,155.06,12.93,2.91,0.7,0.93,62,57.78
A/J,m,93,WAF,18.81,30,11.19,10.4,0.28,15.48,48.88,4.74,3.22,0.57,1.02,51,52.02
A/J,m,94,WAF,16.58,28.53,11.95,10.1,0.28,12.49,74.35,5.81,3.3,0.95,0.96,110,105.82
A/J,m,95,WAF,18.15,24.13,5.98,10,0.24,12.71,58,4.62,3.02,0.49,1,52,51.74
A/J,m,96,WAF,18.31,28.98,10.67,10.3,0.27,11.71,93.11,6.83,2.94,0.79,0.9,101,90.9
A/J,m,97,WAF,18.05,26.3,8.25,10.2,0.25,13.21,46.81,3.87,3.02,0.58,0.84,54,45.58
A/J,m,98,WAF,18.41,25.76,7.35,10.4,0.24,11.1,40.27,2.8,2.6,0.67,0.95,45,42.84
A/J,m,99,WAF,17.82,26.84,9.02,10.4,0.25,12.27,37.86,2.91,2.55,0.56,0.95,59,55.93
A/J,m,100,WAF,16.88,25.04,8.16,10.2,0.24,12.04,9.81,0.74,2.81,1.04,0.82,75,61.5
A/J,m,101,WAF,18.81,26.49,7.68,10.3,0.25,12.71,29.26,2.33,2.39,0.82,0.85,57,48.17
A/J,m,102,WAF,14.28,20.01,5.73,9.7,0.21,10.05,134.07,8.43,2.96,0.26,0.84,29,24.36
A/J,m,103,WAF,17.12,25.04,7.92,10.1,0.25,14.99,59.03,5.54,2.83,0.43,0.83,58,48.31
A/J,m,104,WAF,15.1,26.88,11.78,10.3,0.25,9.93,16.52,1.03,2.99,0.67,0.93,81,75.33
A/J,m,105,WAF,18.42,29.09,10.67,10.5,0.26,10.66,23.92,1.6,2.76,0.7,1.06,89,94.07
A/J,m,106,WAF,16.18,24.21,8.03,10.2,0.23,9.77,40.96,2.51,3.25,0.64,0.8,71,57.08
A/J,m,107,WAF,18.6,25.67,7.07,10.4,0.24,11.49,18.76,1.35,2.86,1.12,0.93,70,65.03
A/J,m,108,WAF,16.29,22.47,6.18,10,0.23,11.99,5.51,0.41,3.33,0.65,0.84,99,82.76
A/J,m,109,WAF,16.78,24.19,7.41,10.2,0.23,10.32,11.36,0.73,3.02,1.17,0.82,76,62.55
A/J,m,110,WAF,16.36,26.68,10.32,10.3,0.25,12.6,23.06,1.82,2.73,0.91,0.83,84,69.47
B6.A-Chr1,m,111,ARC,20.25,42.08,21.83,11.1,0.34,15.37,385.16,37.08,4.13,0.55,1.31,132,172.92
B6.A-Chr1,m,112,ARC,21.7,44.61,22.91,10.7,0.39,12.82,368.64,29.6,5.2,0.39,1.8,215,385.93
B6.A-Chr1,m,113,ARC,19.07,44.9,25.83,10.5,0.41,17.15,246.1,26.43,4.94,0.38,1.63,214,349.46
B6.A-Chr1,m,114,ARC,17.57,43.58,26.01,10.4,0.4,15.43,138.2,13.35,4.32,0.55,1.41,144,203.04
B6.A-Chr1,m,115,ARC,20.92,49.28,28.36,10.5,0.45,17.65,312.02,34.48,5.77,0.44,2.12,275,582.45
B6.A-Chr1,m,116,WAF,18.21,36.81,18.6,10.3,0.35,13.21,140.26,11.6,3.95,0.89,1.16,165,190.74
B6.A-Chr1,m,117,WAF,18.93,38.16,19.23,10.5,0.35,14.6,204.28,18.67,4.08,0.6,1.14,117,133.38
B6.A-Chr1,m,118,WAF,17.33,39.2,21.87,10.7,0.34,14.43,289.47,26.16,3.98,0.64,1.3,147,190.37
B6.A-Chr1,m,119,WAF,20.14,42.97,22.83,10.8,0.37,8.94,53.87,3.01,2.11,0.71,1.3,73,94.75
B6.A-Chr1,m,120,WAF,19.39,42.44,23.05,10.7,0.37,14.87,286.72,26.71,3.95,0.99,1.23,78,95.55
B6.A-Chr1,m,121,WAF,19.86,43.26,23.4,10.5,0.39,15.76,302.72,29.88,5.02,0.55,1.49,170,253.3
B6.A-Chr1,m,122,WAF,20.42,44.13,23.71,10.6,0.39,19.2,367.95,44.25,4.03,0.71,1.44,126,181.82
B6.A-Chr1,m,123,WAF,18.91,43.01,24.1,10.5,0.39,19.31,444.19,53.72,5.12,0.64,1.4,152,212.95
B6.A-Chr1,m,124,WAF,19.39,44.25,24.86,10.4,0.41,18.32,392.9,45.06,5.56,0.59,1.62,216,350.78
B6.A-Chr1,m,125,WAF,17.81,43.34,25.53,10.5,0.39,15.04,194.3,18.3,5.25,0.32,1.74,286,497.64
B6.A-Chr1,m,126,WAF,17.55,43.82,26.27,10.6,0.39,17.93,230.79,25.91,4.71,0.54,1.37,159,217.51
B6.A-Chr1,m,127,WAF,20.35,46.84,26.49,10.9,0.39,16.37,452.28,46.37,5.95,0.59,1.74,243,422.82
B6.A-Chr1,m,128,WAF,15.12,42.06,26.94,10.4,0.39,19.81,226.48,28.1,4.73,0.29,1.35,147,198.3
B6.A-Chr1,m,129,WAF,18.25,45.38,27.13,10.3,0.43,17.21,299.45,32.26,4.97,0.34,1.63,235,382.82
B6.A-Chr1,m,130,WAF,16.79,44.06,27.27,10.5,0.4,16.48,297.56,30.71,5.72,0.39,1.53,218,333.98
B6.A-Chr1,m,131,WAF,15.97,43.42,27.45,10.4,0.4,15.1,372.25,35.19,4.81,0.54,1.29,167,215.1
B6.A-Chr1,m,132,WAF,20.1,47.7,27.6,10.6,0.43,18.2,245.07,27.94,5.77,0.75,1.76,237,417.83
B6.A-Chr1,m,133,WAF,16.49,44.66,28.17,10.4,0.41,19.87,283.62,35.29,5.23,0.48,1.71,256,437.5
B6.A-Chr1,m,134,WAF,21.29,49.51,28.22,10.9,0.42,19.15,577.74,69.27,5.54,0.73,2.07,226,468.5
B6.A-Chr1,m,135,WAF,21.5,51,29.5,10.7,0.45,18.48,424.4,49.12,5.69,0.56,2.09,232,485.11
B6.A-Chr1,m,136,WAF,19.41,49.9,30.49,11,0.41,16.71,531.44,55.6,5.51,0.65,1.89,229,431.67
B6.A-Chr1,m,137,WAF,14.82,51.76,36.94,10.7,0.45,17.59,477.92,52.65,5.59,0.6,1.99,231,459.23
B6.A-Chr2,m,138,ARC,14.46,35.39,20.93,10.3,0.33,8.71,37.35,2.04,3.38,1.3,1.09,183,198.74
B6.A-Chr2,m,139,ARC,20.65,41.82,21.17,10.5,0.38,13.71,96.55,8.29,4.81,1.37,1.12,128,142.85
B6.A-Chr2,m,140,ARC,21.47,45.05,23.58,10.5,0.41,12.15,367.61,27.98,3.98,0.84,1.47,119,174.57
B6.A-Chr2,m,141,ARC,21.28,45.2,23.92,10.5,0.41,16.04,222.35,22.33,4.5,1.04,1.3,178,232.11
B6.A-Chr2,m,142,ARC,19.97,44.63,24.66,10.4,0.41,12.93,352.98,28.58,4.26,1.49,1.31,212,277.08
B6.A-Chr2,m,143,ARC,22.23,50.7,28.47,10.7,0.44,16.98,630.57,67.06,4.94,0.76,1.86,257,479.05
B6.A-Chr2,m,144,ARC,22.27,51.17,28.9,10.7,0.45,17.65,635.91,70.28,5.69,0.93,2.42,361,872.54
B6.A-Chr2,m,145,ARC,23.58,52.77,29.19,10.7,0.46,16.76,728.16,76.43,5.49,0.62,2.59,346,894.41
B6.A-Chr2,m,146,ARC,22.15,52.27,30.12,10.6,0.47,14.15,343.51,30.44,5.12,0.84,2.28,336,764.74
B6.A-Chr2,m,147,ARC,18.33,49.03,30.7,10.5,0.45,13.43,212.72,17.89,4.65,1.07,1.59,202,320.57
B6.A-Chr2,m,148,WAF,15.76,33.13,17.37,9.9,0.34,17.09,396.69,42.46,3.38,0.96,1,120,120.12
B6.A-Chr2,m,149,WAF,17.68,35.07,17.39,9.9,0.36,13.88,624.55,54.26,3.82,0.96,1.01,114,114.8
B6.A-Chr2,m,150,WAF,19.42,37.04,17.62,10,0.37,16.59,278.63,28.95,3.82,0.95,1.06,119,126.38
B6.A-Chr2,m,151,WAF,18.69,37.78,19.09,10,0.38,14.6,201.7,18.44,3.98,0.96,1.12,128,143.49
B6.A-Chr2,m,152,WAF,18.05,38.41,20.36,10.1,0.38,14.1,806.29,71.18,3.85,1.38,1.14,136,155.18
B6.A-Chr2,m,153,WAF,17.52,38,20.48,10.1,0.37,14.49,363.99,33.02,3.93,1.33,1.14,146,166.44
B6.A-Chr2,m,154,WAF,17.54,38.97,21.43,10,0.39,14.37,747.6,67.29,3.98,0.72,1.12,133,148.69
B6.A-Chr2,m,155,WAF,16.55,38.06,21.51,10,0.38,15.82,1070.98,106.08,3.25,0.93,1.09,131,143.31
B6.A-Chr2,m,156,WAF,18.23,39.79,21.56,10.2,0.38,16.76,963.07,101.08,3.64,0.8,1.24,123,152.15
B6.A-Chr2,m,157,WAF,16.01,38.18,22.17,9.9,0.39,13.88,734.01,63.78,3.93,1.01,1.16,180,209.52
B6.A-Chr2,m,158,WAF,16.88,39.35,22.47,9.9,0.4,16.37,700.45,71.81,4.19,0.74,1.18,168,198.24
B6.A-Chr2,m,159,WAF,17.7,40.28,22.58,9.8,0.42,17.37,1076.31,117.08,4.21,0.86,1.17,148,173.6
B6.A-Chr2,m,160,WAF,19.76,42.9,23.14,10.3,0.4,14.32,303.93,27.25,3.67,0.95,1.27,132,166.98
B6.A-Chr2,m,161,WAF,18.91,42.41,23.5,10.3,0.4,14.76,99.82,9.23,4.19,0.97,1.23,158,194.34
B6.A-Chr2,m,162,WAF,20.62,45.03,24.41,10.3,0.42,16.32,483.08,49.36,4.86,0.9,1.38,206,285.1
B6.A-Chr2,m,163,WAF,18.82,43.29,24.47,10.2,0.42,18.32,501.5,57.52,4.63,0.84,1.27,155,197.47
B6.A-Chr2,m,164,WAF,20.71,46.66,25.95,10.5,0.42,17.15,378.1,40.61,4.84,0.98,1.45,189,273.86
B6.A-Chr2,m,165,WAF,19.19,45.16,25.97,10.3,0.43,17.43,982.52,107.22,4.68,0.8,1.36,162,219.83
B6.A-Chr2,m,166,WAF,20.27,46.25,25.98,10.4,0.43,16.87,509.59,53.84,4.52,0.92,1.47,219,321.49
B6.A-Chr2,m,167,WAF,20.09,47.28,27.19,10.2,0.45,16.26,1071.32,109.09,4.37,1.08,1.71,245,419.44
B6.A-Chr2,m,168,WAF,21.32,50.61,29.29,10.4,0.47,14.71,308.58,28.42,4.45,1.35,1.85,242,447.94
B6.A-Chr2,m,169,WAF,20.98,50.45,29.47,10.5,0.46,17.04,449.35,47.94,4.37,0.95,1.73,254,440.18
B6.A-Chr2,m,170,WAF,21.02,53.13,32.11,10.5,0.48,18.37,953.43,109.68,5.23,0.84,2.56,344,879.26
B6.A-Chr2,m,171,WAF,20.63,53.52,32.89,10.5,0.49,19.31,440.4,53.26,5.54,0.84,2.63,327,859.68
B6.A-Chr3,m,172,ARC,17,27.39,10.39,10.1,0.27,5.22,56.79,1.86,2.86,0.8,1.05,47,49.21
B6.A-Chr3,m,173,ARC,18.18,29.34,11.16,10.1,0.29,7.38,85.71,3.96,2.7,0.47,1.03,68,69.97
B6.A-Chr3,m,174,ARC,15.18,27.13,11.95,10.1,0.27,9.93,29.08,1.81,2.55,0.34,0.93,30,27.96
B6.A-Chr3,m,175,ARC,17.48,33.02,15.54,10.2,0.32,14.43,150.59,13.61,3.98,0.73,1.12,162,182.09
B6.A-Chr3,m,176,ARC,19.98,37.11,17.13,10.6,0.33,10.77,43.89,2.96,3.64,1.6,1.23,148,182.63
B6.A-Chr3,m,177,ARC,17.9,35.79,17.89,10.2,0.34,15.71,162.81,16.01,3.95,0.73,1.1,103,112.99
B6.A-Chr3,m,178,ARC,18.62,36.68,18.06,10.4,0.34,13.1,93.11,7.64,4.16,0.9,1.25,151,189.2
B6.A-Chr3,m,179,ARC,18.57,36.8,18.23,10.4,0.34,13.49,51.63,4.36,4,0.95,1.17,174,203.75
B6.A-Chr3,m,180,ARC,18.25,38.21,19.96,10.3,0.36,11.71,25.47,1.87,3.22,0.68,1.14,140,159.88
B6.A-Chr3,m,181,ARC,19.6,40.93,21.33,10.4,0.38,16.65,225.8,23.54,4.03,0.7,1.59,247,391.74
B6.A-Chr3,m,182,ARC,20.11,41.77,21.66,10.5,0.38,16.59,312.53,32.48,4.16,0.9,1.56,247,385.81
B6.A-Chr3,m,183,WAF,22.18,29.02,6.84,10.4,0.27,13.88,27.88,2.42,2.68,0.49,0.99,42,41.45
B6.A-Chr3,m,184,WAF,23.46,31.52,8.06,10.7,0.28,14.26,121.33,10.84,2.24,0.35,1.15,46,53.08
B6.A-Chr3,m,185,WAF,20.15,28.24,8.09,10.4,0.26,9.1,19.45,1.11,2.57,0.49,0.98,42,40.95
B6.A-Chr3,m,186,WAF,20.39,29.27,8.88,10.3,0.28,5.11,56.62,1.81,3.35,1.07,1.21,88,106.74
B6.A-Chr3,m,187,WAF,19.79,29.33,9.54,10.5,0.27,9.71,10.33,0.63,2.26,0.55,1.23,30,36.78
B6.A-Chr3,m,188,WAF,20.04,29.65,9.61,9.8,0.31,14.37,51.29,4.62,3.46,0.9,1.01,123,124.6
B6.A-Chr3,m,189,WAF,21.51,31.15,9.64,10.6,0.28,10.82,40.62,2.75,2.68,0.49,1.04,51,52.94
B6.A-Chr3,m,190,WAF,19.4,29.06,9.66,9.8,0.3,11.21,155.92,10.95,3.8,1.3,0.98,135,132.84
B6.A-Chr3,m,191,WAF,22.03,32.81,10.78,10.5,0.3,16.15,167.28,16.92,3.02,0.82,1.03,84,86.35
B6.A-Chr3,m,192,WAF,19.73,30.86,11.13,10.6,0.28,10.93,129.59,8.87,2.6,0.44,1.02,48,48.72
B6.A-Chr3,m,193,WAF,20.73,34.11,13.38,10.3,0.32,10.82,83.98,5.69,3.74,0.76,1.15,114,131.44
B6.A-Chr3,m,194,WAF,20.15,33.68,13.53,10.2,0.32,13.6,53.87,4.59,3.9,0.89,1.12,114,128.02
B6.A-Chr3,m,195,WAF,18.05,32.11,14.06,10.4,0.3,8.55,16.69,0.89,2.55,0.46,1.14,82,93.73
B6.A-Chr3,m,196,WAF,19.88,34.87,14.99,10.7,0.31,9.44,51.97,3.07,2.76,0.78,1.17,66,76.96
B6.A-Chr3,m,197,WAF,18.87,33.91,15.04,10.3,0.32,13.93,118.06,10.3,4.42,1.14,1.1,107,118.02
B6.A-Chr3,m,198,WAF,21.46,37.22,15.76,10.6,0.33,13.71,129.42,11.11,4.19,1.07,1.21,134,162.54
B6.A-Chr3,m,199,WAF,21.33,37.12,15.79,10.6,0.33,16.26,115.13,11.72,4.26,0.9,1.22,139,169.16
B6.A-Chr3,m,200,WAF,18.08,34.55,16.47,10.3,0.33,16.71,66.43,6.95,3.87,0.83,1.07,117,125.54
B6.A-Chr3,m,201,WAF,21.32,38.71,17.39,10.6,0.35,17.21,225.45,24.29,4.16,0.86,1.28,147,188.31
B6.A-Chr3,m,202,WAF,17.71,35.39,17.68,10.2,0.34,21.65,82.78,11.22,3.59,0.59,1.22,99,120.29
B6.A-Chr3,m,203,WAF,19.05,36.97,17.92,10.6,0.33,15.87,282.24,28.05,3.85,0.59,1.15,117,134.32
B6.A-Chr3,m,204,WAF,22.1,41.54,19.44,10.7,0.36,17.98,232.34,26.16,4.39,0.76,1.34,151,202.94
B6.A-Chr3,m,205,WAF,21.17,41.08,19.91,10.6,0.37,17.82,349.02,38.94,4.39,0.73,1.35,178,240.3
B6.A-Chr3,m,206,WAF,19.25,40,20.75,10.5,0.36,19.92,280.18,34.96,4.21,0.73,1.4,167,233.8
B6.A-Chr3,m,207,WAF,21.02,42.95,21.93,10.6,0.38,18.76,336.46,39.52,4.81,0.79,1.47,190,279.11
B6.A-Chr3,m,208,WAF,15.83,38.33,22.5,10.5,0.35,16.48,127.01,13.11,3.72,0.66,1.42,226,321.15
B6.A-Chr3,m,209,WAF,16.59,39.32,22.73,10.4,0.36,14.15,212.54,18.84,4.16,0.84,1.33,177,235.41
B6.A-Chr3,m,210,WAF,17.87,40.92,23.05,10.4,0.38,18.2,449.7,51.26,4.39,0.81,1.31,159,208.29
B6.A-Chr3,m,211,WAF,20.56,44.02,23.46,10.5,0.4,20.2,280.52,35.49,4.26,0.52,1.52,181,275.3
B6.A-Chr4,m,212,ARC,21.98,33.27,11.29,10.7,0.29,9.27,45.26,2.63,3.04,0.55,1.07,149,159.43
B6.A-Chr4,m,213,ARC,19.08,31.48,12.4,10.1,0.31,8.55,48.7,2.61,2.73,0.71,1.03,151,156.13
B6.A-Chr4,m,214,ARC,18.06,30.93,12.87,10.3,0.29,9.66,30.63,1.85,2.78,1.23,0.99,158,156.89
B6.A-Chr4,m,215,ARC,21.18,35.63,14.45,10.7,0.31,10.82,168.83,11.44,2.76,0.63,1.09,146,159.58
B6.A-Chr4,m,216,ARC,15.09,31.39,16.3,10,0.31,11.32,63.33,4.49,2.94,0.78,0.99,190,187.34
B6.A-Chr4,m,217,ARC,19.51,36.16,16.65,10.5,0.33,12.82,78.65,6.31,3.09,0.62,1.16,193,223.49
B6.A-Chr4,m,218,ARC,20.74,37.75,17.01,10.7,0.33,13.93,159.71,13.93,3.33,0.52,1.17,175,203.88
B6.A-Chr4,m,219,ARC,18.63,35.7,17.07,10.5,0.32,11.6,112.04,8.14,3.28,1.07,1.08,174,187.05
B6.A-Chr4,m,220,ARC,17.55,35.03,17.48,10.8,0.3,9.21,42.68,2.46,2.73,1.3,1.06,133,141.38
B6.A-Chr4,m,221,ARC,20.29,37.9,17.61,10.6,0.34,14.15,341.79,30.29,3.51,0.81,1.16,202,233.71
B6.A-Chr4,m,222,ARC,20.73,39.17,18.44,10.8,0.34,11.21,439.72,30.87,3.41,0.89,1.24,182,224.95
B6.A-Chr4,m,223,ARC,17.24,35.78,18.54,10.4,0.33,12.27,65.57,5.04,3.15,1.16,1.09,237,257.62
B6.A-Chr4,m,224,ARC,15.76,34.97,19.21,10.1,0.34,10.66,103.78,6.92,3.67,1.52,1.04,200,208
B6.A-Chr4,m,225,ARC,18.6,38.17,19.57,10.4,0.35,13.1,156.78,12.86,3.56,0.64,1.09,223,243.96
B6.A-Chr4,m,226,ARC,17.37,36.96,19.59,10.6,0.33,12.21,216.85,16.58,2.81,1.15,1.05,176,185.15
B6.A-Chr4,m,227,ARC,19.68,39.34,19.66,10.4,0.36,14.21,331.64,29.51,3.48,0.9,1.31,256,334.59
B6.A-Chr4,m,228,ARC,20.72,41.25,20.53,10.9,0.35,14.65,316.84,29.07,3.41,0.72,1.32,180,236.7
B6.A-Chr4,m,229,ARC,17.9,38.51,20.61,10.4,0.36,14.1,106.7,9.42,3.54,1.19,1.19,209,248.71
B6.A-Chr4,m,230,ARC,19.37,40.49,21.12,10.8,0.35,10.38,50.25,3.27,3.43,1.01,1.27,203,258.01
B6.A-Chr4,m,231,ARC,21.5,43.4,21.9,10.9,0.37,16.48,284.14,29.33,3.72,0.63,1.36,167,226.29
B6.A-Chr4,m,232,ARC,16.71,38.64,21.93,10.4,0.36,13.32,177.44,14.8,3.54,0.97,1.17,241,282.45
B6.A-Chr4,m,233,ARC,19.82,42.21,22.39,10.9,0.36,11.93,106.36,7.95,3.48,0.89,1.35,246,331.61
B6.A-Chr4,m,234,ARC,16.82,41.98,25.16,10.4,0.39,14.99,108.25,10.16,3.74,0.83,1.38,275,378.4
B6.A-Chr4,m,235,WAF,20.74,31.61,10.87,10.5,0.29,10.32,60.06,3.88,2.99,0.9,1.1,167,183.2
B6.A-Chr4,m,236,WAF,19.2,30.08,10.88,10.5,0.27,12.27,30.81,2.37,2.13,0.36,0.98,108,105.52
B6.A-Chr4,m,237,WAF,20.28,32.03,11.75,10.3,0.3,14.87,256.43,23.88,3.69,0.84,1.17,244,284.75
B6.A-Chr4,m,238,WAF,20.67,33.16,12.49,10.8,0.28,8.27,40.96,2.12,3.12,0.99,1.18,160,188.32
B6.A-Chr4,m,239,WAF,19.77,32.8,13.03,10.5,0.3,9.82,21,1.29,3.12,0.52,1.23,187,230.2
B6.A-Chr4,m,240,WAF,20.82,34.85,14.03,10.3,0.33,13.76,430.77,37.13,3.74,1.14,1.32,271,357.72
B6.A-Chr4,m,241,WAF,14.41,28.67,14.26,10.2,0.28,14.32,233.71,20.96,2.89,0.67,0.94,98,92.32
B6.A-Chr4,m,242,WAF,13.77,29.27,15.5,10.4,0.27,10.55,34.25,2.26,2.47,0.31,0.93,80,74.16
B6.A-Chr4,m,243,WAF,14.46,30.41,15.95,10.2,0.29,18.04,96.72,10.92,2.63,0.7,1.01,99,100.39
B6.A-Chr4,m,244,WAF,17.86,34.24,16.38,10.3,0.32,12.21,80.71,6.17,3.28,0.74,1.04,157,162.5
B6.A-Chr4,m,245,WAF,18.69,36.96,18.27,10.8,0.32,11.21,364.85,25.61,3.02,0.64,1.25,190,236.55
B6.A-Chr4,m,246,WAF,18.56,36.87,18.31,10.4,0.34,14.15,294.64,26.11,3.54,0.84,1.11,183,202.22
B6.A-Chr4,m,247,WAF,19.87,39.53,19.66,10.5,0.36,16.43,604.93,62.23,4.13,0.7,1.27,186,235.29
B6.A-Chr4,m,248,WAF,17.56,37.26,19.7,10.4,0.34,16.1,310.47,31.29,3.74,0.54,1.16,183,212.1
B6.A-Chr4,m,249,WAF,14.86,35.41,20.55,10.4,0.33,16.15,373.8,37.8,3.38,0.67,1.12,148,165.02
B6.A-Chr5,m,250,ARC,17.51,33.98,16.47,10.2,0.33,10.6,285,18.92,3.87,0.86,0.98,188,184.43
B6.A-Chr5,m,251,ARC,19.31,36.09,16.78,10.8,0.31,8.1,30.98,1.57,3.2,0.88,1.24,55,67.98
B6.A-Chr5,m,252,ARC,19.47,37.15,17.68,10.4,0.34,12.38,319.42,24.76,4.29,0.87,1.12,148,165.17
B6.A-Chr5,m,253,ARC,18.12,36.55,18.43,10.3,0.35,10.16,23.75,1.51,4.32,0.71,1.09,136,148.24
B6.A-Chr5,m,254,ARC,17.53,36.64,19.11,10.6,0.33,11.1,101.19,7.03,3.82,0.98,1.16,109,126
B6.A-Chr5,m,255,ARC,18.89,39.15,20.26,10.4,0.36,12.77,133.55,10.68,3.82,1.12,1.06,158,166.69
B6.A-Chr5,m,256,ARC,18.8,39.33,20.53,10.5,0.36,12.93,232.68,18.84,3.85,1.14,1.27,112,142.58
B6.A-Chr5,m,257,ARC,16.33,37.14,20.81,10.4,0.34,10.32,55.24,3.57,4.24,1.06,1.12,220,247.06
B6.A-Chr5,m,258,ARC,18.46,39.51,21.05,10.7,0.35,11.54,47.84,3.46,3.98,0.86,1.24,124,154.13
B6.A-Chr5,m,259,ARC,16.82,38.12,21.3,10.4,0.35,12.99,260.39,21.18,4.21,0.88,1.05,161,168.25
B6.A-Chr5,m,260,ARC,19.86,41.26,21.4,10.4,0.38,12.15,140.43,10.69,4.6,1.03,1.14,186,211.85
B6.A-Chr5,m,261,ARC,18.31,40.09,21.78,10.3,0.38,14.71,79.34,7.31,4.21,0.81,1.25,195,243.75
B6.A-Chr5,m,262,ARC,18.04,39.89,21.85,10.6,0.36,12.82,65.57,5.26,4.52,0.71,1.22,174,212.28
B6.A-Chr5,m,263,ARC,17.96,39.86,21.9,10.7,0.35,12.04,270.54,20.4,3.8,0.9,1.22,87,106.31
B6.A-Chr5,m,264,ARC,21.87,44.67,22.8,10.8,0.38,15.93,130.8,13.05,5.12,0.71,1.4,191,267.02
B6.A-Chr5,m,265,ARC,17.42,40.36,22.94,10.6,0.36,10.27,56.1,3.61,4.08,1.43,1.21,113,136.39
B6.A-Chr5,m,266,ARC,15.95,39.43,23.48,10.2,0.38,12.99,130.62,10.62,3.9,0.83,1.1,189,208.09
B6.A-Chr5,m,267,ARC,21.54,45.02,23.48,10.7,0.39,16.59,206,21.41,5.12,0.51,1.47,247,362.35
B6.A-Chr5,m,268,ARC,18.4,42.45,24.05,10.4,0.39,14.71,195.51,18.01,4.45,0.52,1.21,205,247.85
B6.A-Chr5,m,269,ARC,18.92,43.12,24.2,10.8,0.37,15.98,147.83,14.8,4.58,1.06,1.44,155,223.36
B6.A-Chr5,m,270,ARC,13.49,38.42,24.93,10.5,0.35,10.82,289.64,19.63,3.69,1.07,1.06,144,152.78
B6.A-Chr5,m,271,ARC,18.26,44.75,26.49,10.7,0.39,13.15,278.8,22.96,4.5,0.66,1.47,241,354.51
B6.A-Chr5,m,272,ARC,18.44,45.77,27.33,10.7,0.4,14.21,308.4,27.44,4.16,0.5,1.52,253,383.55
B6.A-Chr5,m,273,WAF,20.91,33.07,12.16,10.4,0.31,9.55,38.89,2.33,2.86,0.63,1.11,78,86.74
B6.A-Chr5,m,274,WAF,20.33,32.59,12.26,10.4,0.3,9.49,31.49,1.87,2.94,0.48,1.15,55,63.42
B6.A-Chr5,m,275,WAF,19.03,32.78,13.75,10.2,0.32,9.71,78.99,4.8,3.41,0.57,1.02,102,104.24
B6.A-Chr5,m,276,WAF,16.01,32.63,16.62,10.3,0.31,19.26,151.45,18.26,3.51,0.46,1.06,54,56.97
B6.A-Chr5,m,277,WAF,16.06,33.6,17.54,10.3,0.32,16.15,90.52,9.16,3.74,0.55,1,83,83.17
B6.A-Chr5,m,278,WAF,16.05,33.97,17.92,10.3,0.32,12.49,78.99,6.18,3.74,0.74,1.04,105,108.89
B6.A-Chr5,m,279,WAF,18.57,36.82,18.25,10.4,0.34,16.32,92.42,9.44,4.03,0.54,1.1,79,86.82
B6.A-Chr5,m,280,WAF,15.72,34.06,18.34,10.1,0.33,13.71,98.1,8.42,4.16,0.82,0.97,105,102.17
B6.A-Chr5,m,281,WAF,16.88,35.47,18.59,10.3,0.33,12.15,67.64,5.15,3.28,0.44,1.09,68,73.78
B6.A-Chr5,m,282,WAF,17.18,37.4,20.22,10.4,0.35,10.99,92.42,6.36,3.93,0.68,1.12,96,107.23
B6.A-Chr5,m,283,WAF,18.93,39.15,20.22,10.5,0.36,11.77,257.46,18.97,4.52,0.97,1.07,114,122.21
B6.A-Chr5,m,284,WAF,19.6,40.19,20.59,10.4,0.37,14.76,188.45,17.42,4.71,0.75,1.17,172,200.72
B6.A-Chr5,m,285,WAF,17.19,37.99,20.8,10.5,0.35,15.93,223.73,22.32,4.11,0.54,1.04,131,135.72
B6.A-Chr5,m,286,WAF,14.16,35.32,21.16,10.4,0.33,11.32,188.28,13.35,3.64,0.44,1.07,172,183.87
B6.A-Chr5,m,287,WAF,17.41,43.14,25.73,10.5,0.39,16.26,414.93,42.25,4.29,0.66,1.24,174,216.46
B6.A-Chr6,m,288,ARC,19.82,30.31,10.49,10.4,0.28,10.6,28.57,1.9,2.7,1.13,1.15,122,139.81
B6.A-Chr6,m,289,ARC,19.92,32.16,12.24,10.4,0.3,13.43,90.35,7.6,3.77,0.82,1.15,92,105.89
B6.A-Chr6,m,290,ARC,21,33.32,12.32,10.4,0.31,11.54,38.03,2.75,3.77,1.53,1.17,87,102.14
B6.A-Chr6,m,291,ARC,20.81,34.54,13.73,10.5,0.31,13.82,107.22,9.28,3.69,1.53,1.13,104,117.21
B6.A-Chr6,m,292,ARC,19.39,33.49,14.1,10.5,0.3,14.04,199.64,17.55,3.59,1.17,1.07,113,120.8
B6.A-Chr6,m,293,ARC,18.23,32.79,14.56,10.4,0.3,11.77,245.76,18.11,3.72,1.23,1.06,129,136.87
B6.A-Chr6,m,294,ARC,20.05,35.57,15.52,10.5,0.32,11.82,601.15,44.5,3.95,1.54,1.21,158,191.34
B6.A-Chr6,m,295,ARC,20.13,35.65,15.52,10.5,0.32,14.04,95.69,8.41,3.77,1.37,1.11,120,132.72
B6.A-Chr6,m,296,ARC,20.38,36.89,16.51,10.4,0.34,14.65,265.03,24.32,4,1.27,1.16,145,168.35
B6.A-Chr6,m,297,ARC,21.37,37.92,16.55,10.5,0.34,10.49,681.52,44.77,3.61,1.96,1.24,160,199.04
B6.A-Chr6,m,298,ARC,19.49,36.13,16.64,10.4,0.33,14.93,300.49,28.09,3.95,1.31,1.11,109,120.99
B6.A-Chr6,m,299,ARC,19.31,35.96,16.65,10.5,0.33,14.82,254.71,23.64,4.13,1.25,1.19,123,145.76
B6.A-Chr6,m,300,ARC,17.73,34.52,16.79,10.3,0.33,11.66,84.85,6.19,3.61,2.31,1.05,132,138.47
B6.A-Chr6,m,301,ARC,20.73,37.91,17.18,10.6,0.34,14.26,248.68,22.21,4.06,1.55,1.36,93,126.67
B6.A-Chr6,m,302,ARC,21.14,38.46,17.32,10.5,0.35,14.26,328.02,29.3,3.61,1.29,1.31,139,182.37
B6.A-Chr6,m,303,ARC,18.84,36.17,17.33,10.6,0.32,11.32,342.31,24.27,4.32,1.5,1.25,181,225.71
B6.A-Chr6,m,304,ARC,19.4,37.7,18.3,10.5,0.34,12.1,360.72,27.33,3.98,1.61,1.17,167,195.22
B6.A-Chr6,m,305,ARC,21.72,41.74,20.02,10.6,0.37,14.32,365.71,32.79,4,1.78,1.37,147,200.95
B6.A-Chr6,m,306,ARC,21.16,42.09,20.93,10.5,0.38,14.54,270.89,24.67,4.19,1.29,1.47,241,354.99
B6.A-Chr6,m,307,ARC,17.78,38.81,21.03,10.5,0.35,14.1,276.56,24.41,4.03,1.92,1.23,173,212.27
B6.A-Chr6,m,308,ARC,19.31,40.46,21.15,10.6,0.36,15.65,185.87,18.22,3.95,1.52,1.34,177,237
B6.A-Chr6,m,309,ARC,19.63,41.67,22.04,10.5,0.38,12.82,224.93,18.06,3.95,0.97,1.51,216,326.59
B6.A-Chr6,m,310,ARC,20.63,42.98,22.35,10.6,0.38,14.49,515.27,46.74,4.24,1.5,1.4,171,238.89
B6.A-Chr6,m,311,WAF,16.9,27.77,10.87,10.2,0.27,13.71,80.89,6.94,3.02,1.43,0.95,96,90.72
B6.A-Chr6,m,312,WAF,17.8,30.76,12.96,10.5,0.28,14.21,181.57,16.15,3.17,1.39,1.06,106,112.57
B6.A-Chr6,m,313,WAF,16.47,29.84,13.37,10.2,0.29,13.76,145.6,12.55,3.43,1.37,1,115,115.46
B6.A-Chr6,m,314,WAF,16.54,30.46,13.92,10.4,0.28,16.82,192.41,20.26,3.28,0.89,1.03,74,75.85
B6.A-Chr6,m,315,WAF,20.97,35.11,14.14,10.5,0.32,17.21,158.68,17.1,3.77,1,1.15,99,113.65
B6.A-Chr6,m,316,WAF,22.13,37.41,15.28,10.7,0.33,19.37,283.1,34.34,3.33,0.66,1.16,59,68.38
B6.A-Chr6,m,317,WAF,17.74,33.17,15.43,10.4,0.31,16.15,225.28,22.78,3.54,1.35,1.1,124,136.28
B6.A-Chr6,m,318,WAF,17.42,32.94,15.52,10.5,0.3,15.37,74,7.12,3.74,1,1.16,89,103.15
B6.A-Chr6,m,319,WAF,17.69,33.62,15.93,10.5,0.31,15.93,273.98,27.33,3.56,1.11,1.08,106,114.37
B6.A-Chr6,m,320,WAF,16.48,33.09,16.61,10.4,0.31,13.32,252.64,21.07,3.72,1.93,1.05,127,133.35
B6.A-Chr6,m,321,WAF,19.39,36.11,16.72,10.6,0.32,14.37,121.67,10.95,3.85,1.87,1.19,96,113.76
B6.A-Chr6,m,322,WAF,17.39,34.32,16.93,10.4,0.32,19.26,306.68,36.99,3.64,0.92,1.14,75,85.43
B6.A-Chr6,m,323,WAF,18.85,36.05,17.2,10.4,0.33,14.54,294.64,26.83,3.82,1.29,1.16,128,148.22
B6.A-Chr6,m,324,WAF,14.54,32.05,17.51,10.4,0.3,12.65,252.81,20.03,3.59,1.43,1.04,120,124.68
B6.A-Chr6,m,325,WAF,21.51,41.85,20.34,10.7,0.37,17.76,347.99,38.7,3.9,0.78,1.42,148,210.01
B6.A-Chr7,m,326,ARC,20.98,29.77,8.79,10.3,0.28,5.49,34.59,1.19,3.2,0.46,1.11,106,117.24
B6.A-Chr7,m,327,ARC,17.78,27.25,9.47,10.1,0.27,6.88,37.86,1.63,3.07,0.41,0.88,60,52.86
B6.A-Chr7,m,328,ARC,22.45,32.7,10.25,10.5,0.3,11.16,124.26,8.68,3.93,1.05,1.03,178,184.05
B6.A-Chr7,m,329,ARC,19.98,30.64,10.66,10.3,0.29,4.27,15.14,0.41,3.12,0.36,1.16,40,46.4
B6.A-Chr7,m,330,ARC,21.2,32.68,11.48,10.2,0.31,13.82,59.03,5.11,4.13,0.57,1.04,126,131.42
B6.A-Chr7,m,331,ARC,21.83,33.52,11.69,10.4,0.31,12.77,27.36,2.19,3.69,0.46,0.98,125,122.25
B6.A-Chr7,m,332,ARC,21.71,34.14,12.43,10.4,0.32,11.88,27.19,2.02,3.28,0.6,0.97,119,115.43
B6.A-Chr7,m,333,ARC,20.3,33.01,12.71,10.3,0.31,6.11,29.77,1.14,3.25,0.87,1.09,51,55.74
B6.A-Chr7,m,334,ARC,22.44,35.29,12.85,10.4,0.33,14.15,39.93,3.54,4.65,0.72,1.09,102,111.59
B6.A-Chr7,m,335,ARC,15.88,28.86,12.98,10.1,0.28,8.1,21.17,1.07,4.58,0.96,1,137,136.59
B6.A-Chr7,m,336,ARC,21.29,34.86,13.57,10.3,0.33,11.1,25.64,1.78,4.16,0.86,1.06,160,168.96
B6.A-Chr7,m,337,ARC,20.26,34.05,13.79,10.3,0.32,10.6,49.56,3.29,4.19,0.75,1.03,132,136.36
B6.A-Chr7,m,338,ARC,22.29,36.66,14.37,10.4,0.34,10.71,63.85,4.28,4.24,1.23,1.13,163,183.54
B6.A-Chr7,m,339,ARC,20.42,35.17,14.75,10.5,0.32,11.93,44.57,3.33,4.55,0.76,1.1,132,144.94
B6.A-Chr7,m,340,ARC,12.62,27.98,15.36,10,0.28,6.72,45.95,1.93,3.04,0.72,0.98,99,97.12
B6.A-Chr7,m,341,ARC,13.61,30.03,16.42,10.5,0.27,9.1,50.77,2.89,3.3,0.64,0.98,37,36.26
B6.A-Chr7,m,342,ARC,20.56,37.13,16.57,10.4,0.34,14.32,90.87,8.15,4.24,0.97,1.1,166,183.1
B6.A-Chr7,m,343,ARC,22.04,39.87,17.83,10.6,0.36,14.76,184.66,17.07,4.5,0.65,1.22,151,183.62
B6.A-Chr7,m,344,ARC,21.38,39.4,18.02,10.3,0.37,13.32,119.44,9.96,4.55,1.15,1.21,189,227.75
B6.A-Chr7,m,345,ARC,21.23,40.74,19.51,10.5,0.37,13.21,62.82,5.2,4.19,0.57,1.27,168,213.53
B6.A-Chr7,m,346,ARC,17.85,38.36,20.51,10.5,0.35,11.49,90.35,6.5,4.65,1.08,1.24,179,222.14
B6.A-Chr7,m,347,ARC,16.67,39.34,22.67,10.8,0.34,10.93,39.07,2.67,5.28,0.81,1.5,160,239.68
B6.A-Chr7,m,348,WAF,20.04,28.96,8.92,10.3,0.27,7.44,62.13,2.89,3.38,0.73,1.09,44,47.96
B6.A-Chr7,m,349,WAF,18.89,28.48,9.59,10.4,0.26,16.76,53.52,5.62,3.17,0.24,0.98,31,30.44
B6.A-Chr7,m,350,WAF,19.12,28.93,9.81,10.3,0.27,14.54,54.04,4.92,3.25,0.25,1,71,70.72
B6.A-Chr7,m,351,WAF,19.7,29.52,9.82,10.3,0.28,14.71,39.93,3.68,3.46,0.31,0.98,107,104.54
B6.A-Chr7,m,352,WAF,17.61,27.68,10.07,10.2,0.27,5.22,184.84,6.04,3.28,0.68,1,55,54.73
B6.A-Chr7,m,353,WAF,18.52,29.73,11.21,10.3,0.28,12.27,61.96,4.76,4.21,0.56,0.94,121,113.26
B6.A-Chr7,m,354,WAF,17.85,30.07,12.22,10.1,0.3,11.32,74,5.25,4.08,0.92,1,147,147.29
B6.A-Chr7,m,355,WAF,15.47,28.11,12.64,10,0.28,8.66,64.37,3.49,3.51,0.71,0.9,166,149.23
B6.A-Chr7,m,356,WAF,17.45,32.42,14.97,10.2,0.31,10.05,40.62,2.55,3.72,0.72,1.06,162,171.72
B6.A-Chr7,m,357,WAF,16.1,31.3,15.2,10,0.31,12.88,174.85,14.1,3.93,0.62,0.95,146,138.12
B6.A-Chr7,m,358,WAF,20.04,35.96,15.92,10.4,0.33,13.54,244.04,20.69,4.13,0.78,1.16,142,164.44
B6.A-Chr7,m,359,WAF,18.81,37.06,18.25,10.3,0.35,16.21,177.44,18.01,4.26,0.59,1.14,107,122.19
B6.A-Chr8,m,360,ARC,18.46,30.76,12.3,10.4,0.28,8.05,18.93,0.95,3.35,0.87,0.92,111,102.45
B6.A-Chr8,m,361,ARC,18.56,33.66,15.1,10.5,0.31,8.49,25.13,1.34,3.2,1.38,1.09,127,138.81
B6.A-Chr8,m,362,ARC,18.5,33.63,15.13,10.5,0.31,9.99,26.85,1.68,3.2,0.71,1.1,150,164.25
B6.A-Chr8,m,363,ARC,20.44,36.11,15.67,10.2,0.35,11.99,93.28,7,4,0.49,1.14,108,123.34
B6.A-Chr8,m,364,ARC,19.14,34.98,15.84,10.3,0.33,10.32,73.49,4.75,3.74,0.51,1.04,122,127
B6.A-Chr8,m,365,ARC,17.51,34.02,16.51,10.4,0.32,14.15,222.7,19.74,3.87,0.98,0.92,122,112.24
B6.A-Chr8,m,366,ARC,18.44,35.9,17.46,10.8,0.31,7.33,23.23,1.07,4.37,0.8,1.27,118,150.1
B6.A-Chr8,m,367,ARC,19.5,37.24,17.74,10.5,0.34,10.66,46.12,3.08,3.82,1.11,1.04,123,127.8
B6.A-Chr8,m,368,ARC,18.37,36.34,17.97,10.7,0.32,10.77,145.42,9.81,3.74,0.87,1,129,129.13
B6.A-Chr8,m,369,ARC,19.78,37.84,18.06,10.5,0.34,13.38,90.18,7.55,3.72,0.43,1.17,120,139.92
B6.A-Chr8,m,370,ARC,17.06,35.22,18.16,10.7,0.31,8.49,29.77,1.58,3.04,0.64,1.1,111,121.55
B6.A-Chr8,m,371,ARC,19.11,37.5,18.39,10.3,0.35,11.88,129.76,9.65,3.74,0.56,1.15,135,155.79
B6.A-Chr8,m,372,ARC,17.82,36.39,18.57,10.5,0.33,8.44,19.79,1.05,3.46,1.36,1.03,126,129.91
B6.A-Chr8,m,373,ARC,18.82,38.48,19.66,10.7,0.34,13.21,94.48,7.82,3.98,1.32,1.12,100,111.7
B6.A-Chr8,m,374,ARC,20.57,40.8,20.23,10.8,0.35,13.76,131.14,11.3,4.03,0.71,1.15,92,106.08
B6.A-Chr8,m,375,ARC,20.04,40.32,20.28,10.7,0.35,15.54,322.86,31.42,3.85,0.57,1.13,99,111.77
B6.A-Chr8,m,376,ARC,17.76,38.54,20.78,10.7,0.34,7.27,29.6,1.35,3.77,0.86,1.09,111,120.44
B6.A-Chr8,m,377,ARC,18.88,40.18,21.3,10.5,0.36,14.6,159.36,14.57,3.95,0.84,1.05,109,114.01
B6.A-Chr8,m,378,ARC,17.18,41.75,24.57,10.8,0.36,13.15,148.69,12.25,3.74,0.66,1.22,111,135.31
B6.A-Chr8,m,379,ARC,18.94,46.68,27.74,10.7,0.41,12.99,202.05,16.43,4.71,1.33,1.27,152,193.65
B6.A-Chr8,m,380,WAF,18.86,30,11.14,10.5,0.27,8.44,29.43,1.55,3.2,0.57,1,105,104.58
B6.A-Chr8,m,381,WAF,17.76,29.71,11.95,10.3,0.28,7.33,45.95,2.11,2.89,0.7,0.97,87,84.22
B6.A-Chr8,m,382,WAF,19.59,32.02,12.43,10.7,0.28,7.38,24.09,1.11,2.86,0.52,1.09,57,62.36
B6.A-Chr8,m,383,WAF,19.05,32.2,13.15,10.5,0.29,7.71,34.08,1.65,2.99,0.73,1.11,112,123.76
B6.A-Chr8,m,384,WAF,16.73,29.98,13.25,10.5,0.27,6.94,74.18,3.22,3.12,0.5,1.03,85,87.72
B6.A-Chr8,m,385,WAF,18.28,31.86,13.58,10.7,0.28,6.88,52.32,2.25,2.81,0.65,1.07,119,127.21
B6.A-Chr8,m,386,WAF,17.01,31.24,14.23,10.4,0.29,9.27,18.59,1.08,3.15,0.64,1.04,116,121.1
B6.A-Chr8,m,387,WAF,18.42,34.31,15.89,10.5,0.31,13.26,125.98,10.46,3.51,0.66,0.97,106,102.82
B6.A-Chr8,m,388,WAF,19.87,35.99,16.12,10.7,0.31,11.32,144.22,10.23,3.41,0.83,1.09,112,122.3
B6.A-Chr8,m,389,WAF,19,36.58,17.58,10.8,0.31,9.44,38.21,2.26,3.3,0.7,1.1,93,102.39
B6.A-Chr8,m,390,WAF,19.09,37.66,18.57,10.7,0.33,10.99,222.7,15.32,3.22,0.74,1.09,139,151.93
B6.A-Chr8,m,391,WAF,17.4,37.24,19.84,10.6,0.33,13.38,451.93,37.85,2.94,0.72,1.12,124,139.25
B6.A-Chr8,m,392,WAF,12.05,32.14,20.09,10.5,0.29,12.38,59.37,4.6,1.9,0.32,0.85,105,88.73
B6.A-Chr8,m,393,WAF,16.4,38.42,22.02,10.5,0.35,10.88,95,6.47,3.33,0.63,1.12,120,133.8
B6.A-Chr9,m,394,ARC,19.84,38.51,18.67,10.8,0.33,14.15,62.3,5.52,3.69,0.82,1.15,114,130.64
B6.A-Chr9,m,395,ARC,20.44,40.34,19.9,10.3,0.38,17.48,150.76,16.5,4.16,0.33,1.11,150,166.5
B6.A-Chr9,m,396,ARC,20.34,42.97,22.63,10.3,0.41,16.98,171.07,18.19,4,0.72,1.31,184,240.86
B6.A-Chr9,m,397,ARC,16.97,41.64,24.67,10.5,0.38,13.26,129.42,10.75,4.08,0.87,1.2,136,162.66
B6.A-Chr9,m,398,ARC,22.95,47.8,24.85,10.9,0.4,16.71,248.68,26.02,4.24,0.44,1.51,156,235.09
B6.A-Chr9,m,399,ARC,20.81,46.44,25.63,10.5,0.42,18.87,312.19,36.89,3.98,0.35,1.73,216,372.82
B6.A-Chr9,m,400,ARC,16.8,42.44,25.64,10.5,0.39,16.26,228.72,23.29,3.82,1.19,1.24,152,188.94
B6.A-Chr9,m,401,ARC,21.59,47.38,25.79,10.5,0.43,15.26,381.72,36.48,3.72,0.72,1.71,262,448.81
B6.A-Chr9,m,402,ARC,20.83,47.77,26.94,10.9,0.4,16.48,630.92,65.12,4.29,0.99,1.61,181,290.87
B6.A-Chr9,m,403,ARC,20.1,47.19,27.09,10.5,0.43,13.32,530.07,44.21,4.5,0.98,1.52,235,356.97
B6.A-Chr9,m,404,ARC,22.59,49.82,27.23,10.7,0.44,20.92,251.44,32.94,4.37,0.63,2.06,326,669.93
B6.A-Chr9,m,405,ARC,19.58,47.24,27.66,10.8,0.41,17.21,268.82,28.96,3.74,0.81,1.63,216,352.08
B6.A-Chr9,m,406,ARC,23.65,51.45,27.8,11.2,0.41,14.15,449.7,39.85,4.06,0.82,1.79,186,332.75
B6.A-Chr9,m,407,ARC,22.39,50.8,28.41,10.8,0.44,16.71,391.01,40.9,4.26,0.7,1.91,232,443.12
B6.A-Chr9,m,408,ARC,21.09,50.15,29.06,10.7,0.44,17.48,365.71,40.04,4.71,0.38,1.71,227,388.4
B6.A-Chr9,m,409,ARC,22.64,52.07,29.43,10.9,0.44,16.98,448.66,47.71,5.38,0.51,3.33,364,1212.48
B6.A-Chr9,m,410,ARC,20.06,49.87,29.81,11,0.41,16.04,248.86,25,4.63,0.78,2.19,346,758.43
B6.A-Chr9,m,411,ARC,20.94,51.24,30.3,10.7,0.45,20.54,601.49,77.35,4.78,0.6,2.57,328,842.63
B6.A-Chr9,m,412,ARC,22.43,53.47,31.04,11.1,0.43,18.48,287.75,33.3,4.89,0.5,2.5,386,965
B6.A-Chr9,m,413,ARC,21.89,53.48,31.59,11,0.44,17.76,403.23,44.85,4.84,0.54,3.2,449,1438.15
B6.A-Chr9,m,414,ARC,23.36,57.43,34.07,11.2,0.46,24.14,529.9,80.11,5.54,0.68,3.7,407,1505.49
B6.A-Chr9,m,415,ARC,18.72,54.69,35.97,10.8,0.47,16.32,63.16,6.45,4.55,1.38,1.85,221,408.41
B6.A-Chr9,m,416,WAF,19.71,42.94,23.23,10.4,0.4,21.2,299.28,39.73,4.37,1.13,1.34,142,190.14
B6.A-Chr9,m,417,WAF,15.12,38.45,23.33,10.3,0.36,15.65,126.32,12.38,4.39,0.88,1.13,103,116.49
B6.A-Chr9,m,418,WAF,17.23,41.54,24.31,10.5,0.38,15.6,616.29,60.19,4.45,0.84,1.24,147,181.55
B6.A-Chr9,m,419,WAF,16.35,43.43,27.08,10.5,0.39,19.81,726.09,90.09,4.71,0.72,1.23,102,124.95
B6.A-Chr9,m,420,WAF,20.98,48.54,27.56,10.7,0.42,15.65,427.84,41.93,4.11,0.55,1.61,202,325.22
B6.A-Chr9,m,421,WAF,20.12,48.4,28.28,10.5,0.44,20.26,287.23,36.44,4.5,0.63,1.78,255,454.67
B6.A-Chr9,m,422,WAF,16.28,44.86,28.58,10.6,0.4,18.65,323.03,37.72,4.58,0.35,1.52,249,377.98
B6.A-Chr9,m,423,WAF,19.13,48.65,29.52,10.7,0.43,20.76,561.91,73.04,4.34,0.36,2.04,304,620.46
B6.A-Chr9,m,424,WAF,15.6,45.43,29.83,10.5,0.41,19.15,470.69,56.44,4.45,0.48,1.46,141,205.16
B6.A-Chr9,m,425,WAF,19.45,49.38,29.93,10.7,0.43,19.7,261.94,32.32,4.6,0.38,2.21,340,750.04
B6.A-Chr9,m,426,WAF,21.53,52.4,30.87,10.9,0.44,20.42,344.89,44.11,3.67,0.5,2.29,274,626.36
B6.A-Chr10,m,427,ARC,19.11,30.19,11.08,10.4,0.28,8.27,14.63,0.76,2.52,0.99,1,141,141
B6.A-Chr10,m,428,ARC,19.55,30.9,11.35,10.5,0.28,9.1,16.35,0.93,2.89,1.58,0.99,151,149.04
B6.A-Chr10,m,429,ARC,19.99,32.41,12.42,10.6,0.29,8.94,19.28,1.08,2.63,1.27,0.98,112,109.2
B6.A-Chr10,m,430,ARC,21.19,33.78,12.59,10.5,0.31,7.38,37.69,1.74,2.55,0.99,1.1,138,151.25
B6.A-Chr10,m,431,ARC,16.74,29.8,13.06,10.4,0.28,8.1,23.41,1.19,2.57,1.07,0.9,119,106.86
B6.A-Chr10,m,432,ARC,21.42,35.52,14.1,10.5,0.32,10.77,26.33,1.78,2.78,1.19,1.1,133,145.64
B6.A-Chr10,m,433,ARC,21.09,37.11,16.02,10.7,0.32,10.66,22.2,1.48,3.3,0.63,1.15,148,170.64
B6.A-Chr10,m,434,ARC,20.96,37.09,16.13,10.7,0.32,11.71,26.68,1.96,3.28,0.79,1.1,120,132.24
B6.A-Chr10,m,435,ARC,21.22,37.46,16.24,10.6,0.33,9.99,27.88,1.74,3.48,0.88,1.06,138,146.69
B6.A-Chr10,m,436,ARC,17.89,34.3,16.41,10.4,0.32,11.54,93.62,6.77,3.46,1.08,0.94,122,115.05
B6.A-Chr10,m,437,ARC,19.32,36.56,17.24,10.7,0.32,9.77,11.19,0.68,2.96,0.65,1.02,134,136.28
B6.A-Chr10,m,438,ARC,21.96,39.35,17.39,10.8,0.34,11.71,39.58,2.9,3.87,1.07,1.09,133,145.5
B6.A-Chr10,m,439,ARC,17.7,35.27,17.57,10.5,0.32,9.49,36.83,2.19,3.02,0.79,0.99,113,111.76
B6.A-Chr10,m,440,ARC,18.86,37,18.14,10.4,0.34,12.38,139.06,10.78,3.43,0.88,1.01,131,132.7
B6.A-Chr10,m,441,ARC,19.93,38.55,18.62,10.7,0.34,12.27,94.66,7.27,3.95,0.9,1.27,104,132.18
B6.A-Chr10,m,442,ARC,18.95,38.74,19.79,10.4,0.36,10.43,55.24,3.61,3.64,0.79,1.04,137,142.21
B6.A-Chr10,m,443,ARC,20.15,40.71,20.56,10.5,0.37,9.55,58.34,3.49,3.54,1.19,1.08,146,158.26
B6.A-Chr10,m,444,ARC,19.26,40.98,21.72,10.6,0.37,12.49,101.37,7.93,3.87,1.23,1.13,131,147.64
B6.A-Chr10,m,445,ARC,20.13,42.39,22.26,11,0.35,9.21,64.19,3.7,3.35,1.36,1.1,108,119.12
B6.A-Chr10,m,446,ARC,21.21,44.43,23.22,10.8,0.38,11.43,120.99,8.66,4.26,0.76,1.16,129,149.25
B6.A-Chr10,m,447,ARC,21.73,45.16,23.43,10.8,0.39,11.32,276.05,19.57,3.74,0.84,1.19,120,142.68
B6.A-Chr10,m,448,ARC,18.22,45.08,26.86,10.8,0.39,10.66,200.84,13.4,3.9,0.93,1.22,152,186.12
B6.A-Chr10,m,449,ARC,22.03,50.32,28.29,11,0.42,12.6,357.45,28.2,4.5,1.16,1.44,175,251.83
B6.A-Chr10,m,450,ARC,21.43,50.53,29.1,10.9,0.43,13.82,131.66,11.39,3.85,1.01,1.49,172,256.28
B6.A-Chr10,m,451,ARC,19.63,49.15,29.52,10.8,0.42,13.04,291.19,23.78,3.98,1.7,1.31,146,191.84
B6.A-Chr10,m,452,WAF,18.96,31.46,12.5,10.4,0.29,8.38,18.76,0.98,3.35,1.63,1.11,108,119.45
B6.A-Chr10,m,453,WAF,15.28,27.96,12.68,10.3,0.26,9.82,25.64,1.58,2.7,0.58,1.03,158,162.9
B6.A-Chr10,m,454,WAF,17.59,30.76,13.17,10.7,0.27,11.38,29.26,2.08,2.91,0.7,1.04,109,113.36
B6.A-Chr10,m,455,WAF,19.43,33.38,13.95,10.5,0.3,8.55,41.3,2.21,3.04,0.99,1.07,100,107
B6.A-Chr10,m,456,WAF,20.49,35.54,15.05,10.6,0.32,7.55,57.48,2.72,2.96,0.93,1.18,139,163.74
B6.A-Chr10,m,457,WAF,20.14,36.25,16.11,10.3,0.34,11.04,46.47,3.21,2.83,0.52,1.08,108,117.07
B6.A-Chr10,m,458,WAF,17.94,34.68,16.74,10.4,0.32,11.82,74.69,5.53,3.04,1,1.05,102,107.2
B6.A-Chr10,m,459,WAF,19.72,38.63,18.91,10.5,0.35,14.26,99.13,8.85,3.54,0.82,1.09,95,103.46
B6.A-Chr10,m,460,WAF,19.45,39.41,19.96,10.7,0.34,10.49,69.36,4.56,3.43,1.09,1.14,149,170.31
B6.A-Chr10,m,461,WAF,18.26,40.02,21.76,10.6,0.36,15.98,349.88,35.02,3.82,0.76,1.12,104,116.27
B6.A-Chr10,m,462,WAF,16.07,39,22.93,10.7,0.34,14.1,242.83,21.44,3.46,0.52,1.13,80,90.56
B6.A-Chr10,m,463,WAF,21.1,45.58,24.48,10.8,0.39,13.82,145.77,12.61,4.26,0.76,1.37,95,130.25
B6.A-Chr10,m,464,WAF,18.55,45.51,26.96,10.9,0.38,12.04,93.11,7.02,3.82,0.9,1.27,129,163.83
B6.A-Chr10,m,465,WAF,15.14,43.53,28.39,10.6,0.39,18.43,247.82,28.6,4.68,0.73,1.29,126,161.91
B6.A-Chr10,m,466,WAF,20.59,42.81,22.22,10.8,0.37,16.98,130.97,13.93,3.87,0.75,1.22,101,122.72
B6.A-Chr10,m,467,WAF,20.76,38.09,17.33,10.8,0.33,16.71,164.36,17.19,3.12,0.84,1.09,89,96.57
B6.A-Chr10,m,468,WAF,20.58,39.71,19.13,10.9,0.33,13.82,101.88,8.82,3.9,0.99,1.04,90,93.96
B6.A-Chr10,m,469,WAF,21.75,44.49,22.74,11,0.37,17.87,90.35,10.11,3.85,0.99,1.25,115,143.87
B6.A-Chr10,m,470,WAF,19.69,45.04,25.35,10.7,0.39,13.49,123.57,10.44,3.93,0.87,1.22,112,136.19
B6.A-Chr10,m,471,WAF,20.61,48.06,27.45,11,0.4,17.09,249.55,26.71,3.74,0.68,1.4,115,160.54
B6.A-Chr10,m,472,WAF,19.33,36.33,17,10.6,0.32,15.32,75.04,7.2,3.77,0.65,1.01,102,103.02
B6.A-Chr10,m,473,WAF,19.9,46.12,26.22,10.7,0.4,15.54,89.49,8.71,4.63,0.71,1.25,131,163.62
B6.A-Chr10,m,474,WAF,19.22,45.39,26.17,10.7,0.4,15.48,139.57,13.53,4.16,1.06,1.22,130,157.95
B6.A-Chr10,m,475,WAF,20.31,48.53,28.22,10.9,0.41,17.37,270.2,29.39,4,0.76,1.43,168,240.24
B6.A-Chr10,m,476,WAF,15.67,26.38,10.71,10.1,0.26,13.6,42.34,3.6,2.16,0.34,0.92,61,56.12
B6.A-Chr10,m,477,WAF,17.27,32.18,14.91,10.5,0.29,10.66,40.44,2.7,2.63,0.8,1.09,139,151.93
B6.A-Chr10,m,478,WAF,20.54,33.26,12.72,11,0.28,8.82,26.16,1.45,2.44,0.46,1.1,93,101.84
B6.A-Chr10,m,479,WAF,21.17,39.43,18.26,10.9,0.33,11.82,81.23,6.01,3.85,0.98,1.08,121,130.32
B6.A-Chr10,m,480,WAF,20.16,39.43,19.27,10.7,0.34,13.71,67.12,5.76,3.95,0.64,1.08,133,144.17
B6.A-Chr10,m,481,WAF,20.66,42.52,21.86,10.7,0.37,15.48,110.66,10.73,3.98,0.74,1.16,136,157.35
B6.A-Chr10,m,482,WAF,19.12,34.71,15.59,10.5,0.32,15.71,133.89,13.17,3.07,0.65,0.96,65,62.4
B6.A-Chr10,m,483,WAF,19.76,39.2,19.44,10.5,0.36,16.48,141.29,14.58,3.43,0.62,1.12,106,118.3
B6.A-Chr10,m,484,WAF,22.33,44.44,22.11,11,0.37,14.87,230.79,21.5,3.82,0.63,1.25,123,153.75
B6.A-Chr10,m,485,WAF,19.71,31.71,12,10.6,0.28,11.54,44.75,3.23,2.52,0.68,1.09,107,117.06
B6.A-Chr10,m,486,WAF,20.12,36.66,16.54,10.5,0.33,14.32,86.74,7.78,2.91,0.63,1.13,91,102.74
B6.A-Chr10,m,487,WAF,20.56,35.05,14.49,10.4,0.32,10.82,73.49,4.98,2.96,1.13,1.05,114,119.59
B6.A-Chr10,m,488,WAF,20.59,42.48,21.89,10.7,0.37,15.93,139.4,13.9,3.69,0.59,1.18,107,126.37
B6.A-Chr10,m,489,WAF,16.56,31.14,14.58,10.8,0.27,6.77,63.85,2.71,3.15,1.14,1.16,150,174.45
B6.A-Chr10,m,490,WAF,21.22,31.78,10.56,10.8,0.27,9.99,112.21,7.02,3.04,0.73,1.22,123,149.81
B6.A-Chr10,m,491,WAF,18.09,27.97,9.88,10.8,0.24,10.38,53.87,3.5,2.39,0.33,0.99,80,79.36
B6.A-Chr10,m,492,WAF,20.25,38.44,18.19,10.8,0.33,9.6,55.24,3.32,3.69,1.22,1.07,121,128.87
B6.A-Chr10,m,493,WAF,18.33,42.52,24.19,10.5,0.39,15.48,135.61,13.15,4.5,1.13,1.16,124,143.22
B6.A-Chr10,m,494,WAF,17.79,35.07,17.28,10.4,0.32,11.93,103.95,7.77,3.12,0.84,1.02,116,118.32
B6.A-Chr10,m,495,WAF,15.8,29.78,13.98,10.3,0.28,10.88,48.36,3.29,2.99,0.78,0.93,101,94.23
B6.A-Chr10,m,496,WAF,20.4,39.63,19.23,10.8,0.34,13.49,101.88,8.6,3.56,0.92,1.16,119,138.28
B6.A-Chr10,m,497,WAF,22.44,47.71,25.27,11,0.39,12.88,166.25,13.4,4.45,0.76,1.45,165,239.91
B6.A-Chr10,m,498,WAF,19.35,37.11,17.76,10.8,0.32,12.54,50.77,3.99,2.83,0.8,1.03,101,104.43
B6.A-Chr10,m,499,WAF,22.98,48.41,25.43,11,0.4,18.98,166.25,19.76,4.39,0.73,1.42,182,258.99
B6.A-Chr10,m,500,WAF,20.01,39.92,19.91,10.8,0.34,11.49,45.78,3.29,3.38,0.8,1.12,184,205.71
B6.A-Chr10,m,501,WAF,20.68,37.37,16.69,10.9,0.32,13.04,41.3,3.37,3.15,0.63,1.19,85,101.41
B6.A-Chr10,m,502,WAF,20.61,50.73,30.12,11.2,0.4,16.48,132.34,13.66,4.45,0.73,1.43,125,179.25
B6.A-Chr11,m,503,ARC,20.48,27.36,6.88,10.4,0.25,5.77,49.22,1.78,2.96,0.84,0.95,96,91.49
B6.A-Chr11,m,504,ARC,19.97,28.9,8.93,10.3,0.27,12.88,34.94,2.82,3.15,0.8,0.94,66,61.97
B6.A-Chr11,m,505,ARC,22.94,33.57,10.63,10.5,0.3,10.6,98.44,6.53,3.09,0.82,1.11,110,122.21
B6.A-Chr11,m,506,ARC,20.18,35.02,14.84,10.6,0.31,16.37,17.55,1.8,3.35,0.9,1.13,80,90.32
B6.A-Chr11,m,507,ARC,17.12,34.31,17.19,10.1,0.34,10.05,80.54,5.07,3.41,0.87,1.03,105,108.47
B6.A-Chr11,m,508,ARC,19.49,38.17,18.68,10.8,0.33,14.32,364.68,32.7,3.64,0.82,1.08,78,84.47
B6.A-Chr11,m,509,ARC,22.62,41.47,18.85,10.6,0.37,16.21,364.68,37.01,4.26,0.7,1.24,97,120.67
B6.A-Chr11,m,510,ARC,20.55,39.72,19.17,10.3,0.37,18.2,310.98,35.45,5.23,1.22,1.24,92,113.71
B6.A-Chr11,m,511,ARC,22.2,41.9,19.7,10.7,0.37,13.04,228.38,18.65,4,1.13,1.38,121,166.38
B6.A-Chr11,m,512,ARC,22.12,42.2,20.08,10.6,0.38,13.43,118.06,9.93,4.73,0.93,1.22,193,235.07
B6.A-Chr11,m,513,ARC,23.3,44.84,21.54,10.8,0.38,12.88,151.1,12.18,4.78,1.19,1.3,137,178.24
B6.A-Chr11,m,514,ARC,19.56,41.58,22.02,10.5,0.38,13.99,225.8,19.78,3.9,1.35,1.14,125,142.25
B6.A-Chr11,m,515,ARC,20.03,42.74,22.71,10.5,0.39,15.76,301,29.71,4.26,1,1.22,141,171.6
B6.A-Chr11,m,516,ARC,19.38,42.09,22.71,10.7,0.37,15.21,100.68,9.59,3.67,0.74,1.34,111,149.07
B6.A-Chr11,m,517,ARC,20.73,44.72,23.99,10.7,0.39,14.71,175.03,16.12,4.26,0.48,1.28,163,208.48
B6.A-Chr11,m,518,ARC,21.02,45.67,24.65,10.5,0.41,12.71,234.74,18.68,4.34,1.11,1.4,156,218.87
B6.A-Chr11,m,519,ARC,19.82,46.11,26.29,10.5,0.42,16.48,137.85,14.23,4.16,0.72,1.46,192,280.13
B6.A-Chr11,m,520,ARC,22.19,48.9,26.71,10.1,0.48,13.26,217.53,18.07,4.5,1.08,1.76,245,431.94
B6.A-Chr11,m,521,ARC,22.76,49.52,26.76,10.8,0.43,13.93,370.02,32.28,4.81,1,1.64,195,320.39
B6.A-Chr11,m,522,ARC,21.45,48.7,27.25,10.8,0.42,14.71,258.49,23.81,5.1,1.21,1.66,239,396.02
B6.A-Chr11,m,523,ARC,22.82,51.28,28.46,10.9,0.43,17.98,165.39,18.62,3.95,0.91,1.8,134,241.47
B6.A-Chr11,m,524,WAF,18.68,27.57,8.89,10.6,0.25,8.77,54.38,2.99,2.76,0.33,1.09,36,39.2
B6.A-Chr11,m,525,WAF,18.24,29.01,10.77,10.3,0.27,10.38,77.27,5.02,2.55,0.5,1.1,40,44.16
B6.A-Chr11,m,526,WAF,17.15,30.19,13.04,10,0.3,14.54,62.64,5.7,4.16,0.87,0.95,84,79.63
B6.A-Chr11,m,527,WAF,18.78,34.78,16,10.5,0.32,17.09,138.54,14.83,2.94,0.73,1.04,82,85.12
B6.A-Chr11,m,528,WAF,21.43,38.19,16.76,10.4,0.35,13.65,633.33,54.15,4.6,1.03,1.17,92,107.18
B6.A-Chr11,m,529,WAF,18.76,38.36,19.6,10.5,0.35,17.09,437.82,46.87,4.34,0.93,1.18,85,99.96
B6.A-Chr11,m,530,WAF,19.69,40.55,20.86,10.5,0.37,16.54,247.65,25.65,4.47,0.81,1.23,119,146.85
B6.A-Chr11,m,531,WAF,20.98,42.02,21.04,10.5,0.38,17.43,472.07,51.52,4.42,0.64,1.28,159,203.36
B6.A-Chr11,m,532,WAF,22.36,43.65,21.29,10.5,0.4,16.82,379.48,39.96,4.55,0.7,1.28,137,175.91
B6.A-Chr11,m,533,WAF,20.14,43.56,23.42,10.5,0.4,15.76,402.54,39.73,4.11,0.81,1.27,133,169.31
B6.A-Chr11,m,534,WAF,21.49,46.17,24.68,10.4,0.43,19.76,423.37,52.38,4.84,0.65,1.52,182,275.91
B6.A-Chr11,m,535,WAF,19.57,45.39,25.82,10.4,0.42,19.04,458.47,54.65,4.45,0.59,1.51,197,297.67
B6.A-Chr11,m,536,WAF,18.85,45.63,26.78,10.4,0.42,15.65,443.33,43.45,4.65,0.66,1.6,249,397.4
B6.A-Chr11,m,537,WAF,20.06,47.57,27.51,10.6,0.42,13.38,369.84,30.98,4.6,0.87,1.72,245,421.4
B6.A-Chr11,m,538,WAF,22.33,51.14,28.81,10.7,0.45,21.53,397.72,53.63,4.84,0.95,1.97,233,458.31
B6.A-Chr12,m,539,ARC,19.72,32.61,12.89,10.4,0.3,6.77,37,1.57,2.83,1.12,1.05,160,167.36
B6.A-Chr12,m,540,ARC,22.76,35.77,13.01,10.4,0.33,10.71,29.26,1.96,3.41,0.62,1.21,179,216.23
B6.A-Chr12,m,541,ARC,19.42,33.52,14.1,10.5,0.3,5.27,32.01,1.06,2.39,0.62,1.15,129,148.48
B6.A-Chr12,m,542,ARC,22.74,38.94,16.2,10.9,0.33,10.27,20.48,1.32,3.9,0.55,1.28,109,139.3
B6.A-Chr12,m,543,ARC,22.39,38.85,16.46,10.5,0.35,13.93,170.55,14.88,3.95,0.49,1.15,134,154.64
B6.A-Chr12,m,544,ARC,20.59,37.13,16.54,10.6,0.33,10.71,79.17,5.31,3.41,0.8,1.27,111,141.19
B6.A-Chr12,m,545,ARC,21.81,38.37,16.56,10.7,0.34,9.21,30.12,1.74,3.85,0.52,1.32,143,189.19
B6.A-Chr12,m,546,ARC,20.29,37.39,17.1,10.2,0.36,12.71,83.81,6.67,3.43,0.59,1.16,132,152.86
B6.A-Chr12,m,547,ARC,18.09,35.47,17.38,10.8,0.3,5.99,24.78,0.93,2.94,0.75,1.18,136,159.8
B6.A-Chr12,m,548,ARC,21.22,38.99,17.77,10.4,0.36,11.32,74.35,5.27,3.54,0.67,1.14,138,157.18
B6.A-Chr12,m,549,ARC,22.65,41.06,18.41,10.7,0.36,14.43,154.89,14,4.32,0.5,1.26,157,197.66
B6.A-Chr12,m,550,ARC,21.54,40.81,19.27,10.4,0.38,13.04,155.58,12.71,3.74,0.62,1.39,135,187.52
B6.A-Chr12,m,551,ARC,18.32,38.59,20.27,10.7,0.34,9.82,213.92,13.16,3.12,0.44,1.19,88,104.9
B6.A-Chr12,m,552,ARC,19.32,39.66,20.34,10.5,0.36,13.32,104.81,8.74,3.82,0.83,1.09,117,127.06
B6.A-Chr12,m,553,ARC,20.95,42.05,21.1,10.7,0.37,16.98,123.05,13.09,4.06,0.55,1.43,164,233.7
B6.A-Chr12,m,554,ARC,19.02,40.31,21.29,10.7,0.35,7.77,41.13,2,3.41,0.36,1.25,128,159.49
B6.A-Chr12,m,555,ARC,20.34,42.16,21.82,10.6,0.38,11.32,64.54,4.58,3.51,0.8,1.29,198,255.82
B6.A-Chr12,m,556,ARC,22.22,44.35,22.13,10.5,0.4,13.6,196.54,16.73,4.24,1.08,1.39,136,188.63
B6.A-Chr12,m,557,ARC,20.91,43.53,22.62,10.5,0.4,11.38,82.09,5.85,3.98,0.96,1.34,202,271.29
B6.A-Chr12,m,558,ARC,22.21,46.92,24.71,10.7,0.41,15.21,373.28,35.55,4.29,0.74,1.51,152,229.98
B6.A-Chr12,m,559,ARC,21.7,47.56,25.86,10.6,0.42,12.77,387.4,30.97,4.45,0.93,1.63,216,352.3
B6.A-Chr12,m,560,ARC,21.39,47.99,26.6,10.6,0.43,16.1,296.7,29.9,4.29,0.83,1.86,252,468.72
B6.A-Chr12,m,561,WAF,16.36,32.67,16.31,10.4,0.3,13.43,57.48,4.83,3.51,0.82,1.11,134,148.47
B6.A-Chr12,m,562,WAF,15.6,32.94,17.34,10.3,0.31,10.27,27.02,1.74,3.09,0.41,1.18,126,148.05
B6.A-Chr12,m,563,WAF,16.56,34.02,17.46,10.3,0.32,12.27,79.51,6.11,3.33,0.65,1.08,116,125.63
B6.A-Chr12,m,564,WAF,16.56,36.3,19.74,10.7,0.32,11.82,171.07,12.66,2.99,0.87,1.39,147,204.04
B6.A-Chr12,m,565,WAF,15.73,35.61,19.88,10.5,0.32,11.82,128.9,9.54,3.12,0.68,1.22,117,142.27
B6.A-Chr12,m,566,WAF,19.11,39.5,20.39,10.2,0.38,15.15,226.83,21.52,3.77,0.5,1.23,130,159.64
B6.A-Chr12,m,567,WAF,14.33,40.34,26.01,10.4,0.37,13.15,83.81,6.9,4.08,0.44,1.3,97,126.1
B6.A-Chr12,m,568,WAF,16.74,43.4,26.66,10.4,0.4,16.98,363.13,38.62,4.29,0.71,1.42,177,251.16
B6.A-Chr12,m,569,WAF,18.01,44.86,26.85,10.4,0.42,19.65,352.98,43.43,4.58,0.5,1.73,239,412.75
B6.A-Chr12,m,570,WAF,16.9,44.43,27.53,10.4,0.41,19.54,534.89,65.44,4.47,0.43,1.48,155,229.09
B6.A-Chr12,m,571,WAF,16.72,44.74,28.02,10.5,0.41,18.15,516.47,58.7,4.26,0.72,1.46,140,203.84
B6.A-Chr12,m,572,WAF,15.39,45.39,30,10.4,0.42,19.76,270.89,33.52,4.58,0.55,1.37,153,209
B6.A-Chr12,m,573,WAF,17.56,47.97,30.41,10.5,0.44,20.26,333.87,42.35,4.99,0.54,1.77,277,490.84
B6.A-Chr13,m,574,ARC,19.19,31.1,11.91,10.4,0.29,13.43,305.99,25.74,3.38,0.4,1.1,38,41.65
B6.A-Chr13,m,575,ARC,17.17,30.24,13.07,10.3,0.29,9.44,26.5,1.57,3.43,0.36,1.05,91,95.19
B6.A-Chr13,m,576,ARC,17.55,35.2,17.65,10.6,0.31,16.15,361.07,36.52,3.69,0.66,1.2,79,94.64
B6.A-Chr13,m,577,ARC,19.15,38.46,19.31,10.6,0.34,12.99,296.53,24.12,4.37,0.73,1.23,112,137.65
B6.A-Chr13,m,578,ARC,17.47,37.47,20,10.6,0.33,16.15,191.03,19.32,4.37,0.73,1.35,97,130.66
B6.A-Chr13,m,579,ARC,17.81,44.47,26.66,10.7,0.39,17.37,832.96,90.61,4.29,0.76,1.6,157,251.67
B6.A-Chr13,m,580,WAF,16.99,30.55,13.56,10.5,0.28,7.33,22.2,1.02,3.22,0.51,1.07,55,58.8
B6.A-Chr13,m,581,WAF,17.65,31.67,14.02,10.4,0.29,13.6,56.1,4.78,2.05,0.34,0.82,63,51.85
B6.A-Chr13,m,582,WAF,16.73,30.82,14.09,10.3,0.29,11.1,51.11,3.55,2.86,0.35,0.97,69,66.79
B6.A-Chr13,m,583,WAF,17.8,33.32,15.52,10.6,0.3,11.82,53.01,3.92,1.95,0.43,0.83,95,78.95
B6.A-Chr13,m,584,WAF,17.46,33.39,15.93,10.5,0.3,11.82,41.3,3.06,3.33,0.7,1.14,64,73.22
B6.A-Chr13,m,585,WAF,18.95,35.9,16.95,10.5,0.33,13.26,264.69,21.99,4.47,0.46,1.16,114,132.47
B6.A-Chr13,m,586,WAF,18.31,36.25,17.94,10.3,0.34,15.15,620.42,58.87,4,0.8,1.3,160,208.64
B6.A-Chr13,m,587,WAF,18.07,36.43,18.36,10.5,0.33,15.65,189.83,18.6,3.95,0.68,1.25,110,137.72
B6.A-Chr13,m,588,WAF,18.18,37.85,19.67,10.3,0.36,15.65,377.42,36.99,4.19,0.42,1.21,119,143.4
B6.A-Chr13,m,589,WAF,18.77,38.51,19.74,10.4,0.36,19.31,301.18,36.43,4,0.7,1.35,176,238.13
B6.A-Chr13,m,590,WAF,20.41,40.24,19.83,10.5,0.37,18.65,385.33,45,4.34,0.55,1.35,174,234.38
B6.A-Chr13,m,591,WAF,18.59,38.5,19.91,10.3,0.36,17.76,404.26,44.96,4.32,0.56,1.21,138,166.43
B6.A-Chr13,m,592,WAF,18.52,38.98,20.46,10.4,0.36,16.71,257.29,26.92,3.95,0.59,1.28,151,193.58
B6.A-Chr13,m,593,WAF,17.91,38.61,20.7,10.3,0.36,11.43,273.64,19.59,3.85,0.47,1.27,122,154.57
B6.A-Chr13,m,594,WAF,18.62,39.71,21.09,10.4,0.37,17.76,455.2,50.63,4.45,0.57,1.42,200,284
B6.A-Chr13,m,595,WAF,19.22,40.33,21.11,10.4,0.37,17.26,382.58,41.35,4.39,0.66,1.29,140,181.16
B6.A-Chr13,m,596,WAF,18.53,39.78,21.25,10.6,0.35,15.32,486.01,46.62,4.32,0.64,1.34,135,181.17
B6.A-Chr13,m,597,WAF,15.09,37.31,22.22,10.5,0.34,11.38,274.84,19.58,3.59,0.62,1.31,88,114.93
B6.A-Chr13,m,598,WAF,15.5,37.8,22.3,10.3,0.36,14.43,627.3,56.68,3.98,0.52,1.37,124,169.26
B6.A-Chr13,m,599,WAF,18.53,41.59,23.06,10.4,0.39,21.31,287.06,38.31,4.42,0.55,1.69,265,447.06
B6.A-Chr13,m,600,WAF,16.73,41.99,25.26,10.7,0.37,17.43,277.94,30.33,4.11,0.62,1.45,125,181.75
B6.A-Chr14,m,601,ARC,20.11,36.93,16.82,10.7,0.32,10.21,196.19,12.55,3.28,0.49,1.19,133,157.87
B6.A-Chr14,m,602,ARC,16.28,33.84,17.56,10.3,0.32,10.49,102.74,6.75,3.8,1.17,0.92,98,89.67
B6.A-Chr14,m,603,ARC,21.08,39.06,17.98,10.6,0.35,12.27,179.67,13.8,4.65,1.07,1.17,124,144.96
B6.A-Chr14,m,604,ARC,19.27,37.58,18.31,10.7,0.33,10.82,37.69,2.55,3.67,0.52,1.07,125,134.13
B6.A-Chr14,m,605,ARC,21.08,39.71,18.63,10.5,0.36,13.38,274.84,23.02,4.03,0.58,1.1,132,145.07
B6.A-Chr14,m,606,ARC,15.91,34.72,18.81,10.4,0.32,11.21,269.68,18.93,3.67,0.92,0.93,106,98.26
B6.A-Chr14,m,607,ARC,17.11,35.99,18.88,10.5,0.33,12.6,42.68,3.37,4.42,0.81,1.07,122,129.93
B6.A-Chr14,m,608,ARC,21.68,40.93,19.25,10.6,0.36,13.49,181.22,15.3,4.86,1.03,1.14,118,134.64
B6.A-Chr14,m,609,ARC,19.4,39.25,19.85,10.8,0.34,11.27,53.18,3.75,3.72,0.52,1.24,119,147.44
B6.A-Chr14,m,610,ARC,20.17,40.62,20.45,10.8,0.35,10.77,105.5,7.11,3.93,0.54,1.09,110,120.01
B6.A-Chr14,m,611,ARC,18.54,40.04,21.5,10.5,0.36,15.82,203.25,20.13,4.52,0.51,1.15,139,159.16
B6.A-Chr14,m,612,ARC,19.53,41.43,21.9,10.7,0.36,11.77,297.73,21.94,4.45,0.43,1.14,141,160.04
B6.A-Chr14,m,613,ARC,19.33,41.55,22.22,10.5,0.38,14.1,178.12,15.72,4.65,0.81,1.16,133,154.01
B6.A-Chr14,m,614,ARC,22.47,46.67,24.2,10.5,0.42,15.04,697.69,65.71,4.5,1.21,1.45,144,208.37
B6.A-Chr14,m,615,ARC,19.1,44.02,24.92,10.7,0.38,15.04,123.05,11.59,5.38,0.91,1.32,196,257.94
B6.A-Chr14,m,616,ARC,19.17,44.62,25.45,10.7,0.39,14.6,354.35,32.39,4.84,0.78,1.49,206,307.35
B6.A-Chr14,m,617,ARC,20.57,48.47,27.9,10.8,0.42,17.37,45,4.9,5.38,0.65,1.49,150,223.2
B6.A-Chr14,m,618,WAF,17.34,31.53,14.19,10.4,0.29,13.43,88.98,7.48,3.61,0.63,1,101,100.6
B6.A-Chr14,m,619,WAF,21.61,37.23,15.62,10.6,0.33,12.32,148.18,11.43,4,0.73,1.1,92,100.83
B6.A-Chr14,m,620,WAF,21.64,37.74,16.1,10.7,0.33,17.98,172.79,19.46,4.03,0.74,1.19,70,83.09
B6.A-Chr14,m,621,WAF,20.42,36.55,16.13,10.5,0.33,12.82,32.7,2.63,3.64,0.83,1.07,96,102.24
B6.A-Chr14,m,622,WAF,19.64,36.01,16.37,10.4,0.33,12.21,397.55,30.4,3.98,0.84,1.05,100,104.8
B6.A-Chr14,m,623,WAF,16.17,33.33,17.16,10.2,0.32,12.54,67.12,5.27,3.38,0.54,1.05,77,80.93
B6.A-Chr14,m,624,WAF,16.15,33.87,17.72,10.4,0.31,14.1,123.22,10.88,3.54,0.5,0.99,90,89.1
B6.A-Chr14,m,625,WAF,18.2,36.16,17.96,10.3,0.34,14.65,76.07,6.98,3.67,0.74,1.14,99,112.37
B6.A-Chr14,m,626,WAF,18.89,37.28,18.39,10.7,0.33,15.48,88.98,8.63,3.87,0.73,1.2,80,95.84
B6.A-Chr14,m,627,WAF,20.82,40.05,19.23,10.6,0.36,15.76,252.81,24.95,4.45,0.64,1.19,105,125.37
B6.A-Chr14,m,628,WAF,15.14,35.76,20.62,10.4,0.33,14.37,172.96,15.57,4,0.71,1.06,107,113.31
B6.A-Chr14,m,629,WAF,20.36,43.01,22.65,10.7,0.38,16.15,499.95,50.56,4.5,0.75,1.31,105,137.76
B6.A-Chr14,m,630,WAF,20.57,43.61,23.04,10.7,0.38,16.71,472.93,49.47,4.45,0.95,1.16,86,99.42
B6.A-Chr14,m,631,WAF,20.7,44.05,23.35,10.7,0.39,16.26,358.66,36.52,4.19,0.71,1.29,128,164.48
B6.A-Chr14,m,632,WAF,22.58,46.13,23.55,10.6,0.41,16.59,683.06,70.98,4.89,0.67,1.34,109,146.28
B6.A-Chr14,m,633,WAF,22.58,49.64,27.06,10.8,0.43,19.87,477.06,59.36,4.65,0.6,1.5,123,183.89
B6.A-Chr14,m,634,WAF,21.05,48.18,27.13,10.8,0.41,20.87,400.13,52.29,4.78,0.8,1.39,112,156.13
B6.A-Chr15,m,635,ARC,20.52,32.91,12.39,10.5,0.3,5.61,23.41,0.82,2.91,0.49,1.23,99,121.57
B6.A-Chr15,m,636,ARC,20.49,35.69,15.2,10.8,0.31,6.83,44.75,1.91,3.41,0.68,1.2,118,141.48
B6.A-Chr15,m,637,ARC,21.25,36.79,15.54,10.6,0.33,11.99,64.54,4.84,3.98,0.74,1.16,123,142.43
B6.A-Chr15,m,638,ARC,20.89,37.45,16.56,10.7,0.33,6.6,52.83,2.19,2.39,1,1.06,80,84.96
B6.A-Chr15,m,639,ARC,21.88,41.67,19.79,10.7,0.36,15.21,341.62,32.53,4.26,0.68,1.19,100,119.3
B6.A-Chr15,m,640,ARC,20.37,40.77,20.4,10.5,0.37,14.43,200.5,18.12,3.67,0.55,1.19,89,106.18
B6.A-Chr15,m,641,ARC,20.04,43.86,23.82,10.8,0.38,13.38,119.27,9.99,4.16,0.55,1.39,108,150.44
B6.A-Chr15,m,642,ARC,18.48,44.63,26.15,10.6,0.4,14.65,218.22,20.02,4.11,0.54,1.31,106,138.65
B6.A-Chr15,m,643,WAF,20.83,32.04,11.21,10.4,0.3,13.15,126.67,10.43,3.56,0.55,1.02,139,142.2
B6.A-Chr15,m,644,WAF,19.23,30.85,11.62,10.4,0.29,9.32,31.32,1.83,2.78,0.63,1.04,57,59.51
B6.A-Chr15,m,645,WAF,20.36,32.72,12.36,10.8,0.28,11.66,124.94,9.12,3.25,0.43,1.06,57,60.19
B6.A-Chr15,m,646,WAF,19.29,32.11,12.82,10.6,0.29,11.54,117.03,8.46,3.04,0.35,1.04,60,62.1
B6.A-Chr15,m,647,WAF,20.58,34.11,13.53,10.6,0.3,9.05,45.78,2.59,3.41,0.5,1.18,83,97.53
B6.A-Chr15,m,648,WAF,19.9,35.66,15.76,10.8,0.31,12.99,113.24,9.21,2.99,0.39,1.23,82,100.61
B6.A-Chr15,m,649,WAF,19.9,35.82,15.92,10.8,0.31,12.38,41.48,3.21,3.2,0.33,1.24,96,119.42
B6.A-Chr15,m,650,WAF,19.22,35.39,16.17,10.3,0.33,14.54,253.33,23.07,3.41,0.5,1.1,106,116.81
B6.A-Chr15,m,651,WAF,20.87,37.43,16.56,10.8,0.32,11.21,56.62,3.98,3.33,0.49,1.14,88,100.41
B6.A-Chr15,m,652,WAF,18.47,35.36,16.89,10.9,0.3,11.1,36.49,2.54,2.86,0.49,1.16,62,72.17
B6.A-Chr15,m,653,WAF,21.13,38.1,16.97,10.5,0.35,12.1,81.4,6.17,3.74,0.73,1.17,149,174.33
B6.A-Chr15,m,654,WAF,17.13,34.34,17.21,10.4,0.32,11.43,164.01,11.74,2.89,0.64,1.09,97,105.54
B6.A-Chr15,m,655,WAF,19.27,37.96,18.69,10.7,0.33,11.6,100.85,7.33,3.3,0.52,1.31,110,143.99
B6.A-Chr15,m,656,WAF,20.49,39.75,19.26,10.6,0.35,18.65,227.69,26.59,3.28,0.44,1.25,113,141.61
B6.A-Chr15,m,657,WAF,18.99,38.35,19.36,10.4,0.36,14.49,160.05,14.52,3.67,0.62,1.15,130,148.98
B6.A-Chr15,m,658,WAF,20.63,40,19.37,10.8,0.34,11.49,282.24,20.31,3.38,0.76,1.27,112,142.69
B6.A-Chr15,m,659,WAF,22.6,42.05,19.45,10.5,0.38,13.32,198.43,16.55,3.8,0.57,1.27,135,170.91
B6.A-Chr15,m,660,WAF,22.64,50.54,27.9,10.9,0.43,14.87,278.8,25.97,3.33,0.55,1.43,85,121.47
B6.A-Chr15,m,661,WAF,20.99,50.45,29.46,10.9,0.43,17.59,441.95,48.69,3.38,0.44,1.42,78,110.76
B6.A-Chr16,m,662,ARC,19.78,35.4,15.62,10.5,0.32,13.82,108.42,9.38,4.03,0.81,1.14,97,110.97
B6.A-Chr16,m,663,ARC,18.85,36.43,17.58,10.6,0.32,13.04,57.14,4.67,3.69,0.81,1.08,135,145.13
B6.A-Chr16,m,664,ARC,18.7,36.35,17.65,10.6,0.32,12.93,89.84,7.27,3.74,0.63,1.02,108,110.27
B6.A-Chr16,m,665,ARC,21.14,39.45,18.31,10.7,0.35,12.32,516.64,39.86,3.8,0.4,1.2,85,101.66
B6.A-Chr16,m,666,ARC,19.95,38.28,18.33,10.7,0.33,13.38,422.33,35.37,3.93,0.86,1.16,126,146.29
B6.A-Chr16,m,667,ARC,20.3,40.52,20.22,10.7,0.35,13.49,254.54,21.5,4.63,0.81,1.18,108,127.76
B6.A-Chr16,m,668,ARC,17.38,37.84,20.46,10.7,0.33,12.49,48.19,3.77,3.93,0.58,1.24,134,166.56
B6.A-Chr16,m,669,ARC,18.63,39.74,21.11,10.6,0.35,18.32,211.51,24.26,4.6,0.73,1.26,119,149.7
B6.A-Chr16,m,670,ARC,19.39,40.83,21.44,10.6,0.36,15.65,374.15,36.67,4.34,0.76,1.24,116,143.72
B6.A-Chr16,m,671,ARC,20.56,44.09,23.53,10.8,0.38,13.49,316.15,26.7,4.65,0.3,1.26,156,196.09
B6.A-Chr16,m,672,ARC,18.62,42.17,23.55,10.6,0.38,16.15,343.68,34.76,4.11,0.66,1.33,133,177.29
B6.A-Chr16,m,673,ARC,20.15,45.08,24.93,10.7,0.39,13.1,212.03,17.39,4.71,0.47,1.31,153,200.58
B6.A-Chr16,m,674,WAF,15.92,28.2,12.28,10.2,0.27,12.99,38.72,3.15,3.33,0.55,0.98,107,104.43
B6.A-Chr16,m,675,WAF,17.1,31.58,14.48,10.3,0.3,12.1,90.01,6.82,3.61,0.75,1.04,118,123.07
B6.A-Chr16,m,676,WAF,19.91,37.39,17.48,10.8,0.32,13.99,74.18,6.5,3.07,0.97,1.24,66,81.84
B6.A-Chr16,m,677,WAF,17.06,35.98,18.92,10.3,0.34,22.31,199.98,27.94,3.9,0.55,1.1,76,83.3
B6.A-Chr16,m,678,WAF,18.4,38.29,19.89,10.7,0.33,15.32,248,23.79,3.46,0.51,1.17,72,83.88
B6.A-Chr16,m,679,WAF,16.82,37.48,20.66,10.4,0.35,15.98,146.8,14.69,3.85,0.6,1.12,114,127.79
B6.A-Chr16,m,680,WAF,17.54,38.49,20.95,10.7,0.34,11.54,50.6,3.66,3.95,0.59,1.15,94,107.72
B6.A-Chr16,m,681,WAF,19.21,40.19,20.98,10.5,0.37,14.21,335.6,29.86,3.93,0.47,1.21,117,141.69
B6.A-Chr16,m,682,WAF,18.64,40.06,21.42,10.7,0.35,11.88,116.51,8.67,3.8,0.66,1.25,102,127.7
B6.A-Chr16,m,683,WAF,16.56,38.41,21.85,10.4,0.36,15.1,236.81,22.39,4.08,0.73,1.12,122,137.13
B6.A-Chr16,m,684,WAF,15.79,37.97,22.18,10.5,0.34,14.37,102.57,9.23,4.24,0.46,1.08,105,113.61
B6.A-Chr16,m,685,WAF,16.33,38.76,22.43,10.5,0.35,14.37,448.32,40.36,3.69,0.79,1.12,138,154.15
B6.A-Chr16,m,686,WAF,15.91,38.35,22.44,10.6,0.34,12.43,75.04,5.84,2.89,0.57,1.12,74,83.1
B6.A-Chr16,m,687,WAF,20.72,43.21,22.49,10.8,0.37,18.43,462.26,53.34,4.37,0.48,1.32,96,127.01
B6.A-Chr16,m,688,WAF,20.5,44.66,24.16,10.7,0.39,16.1,139.06,14.02,4.29,0.5,1.4,175,245.18
B6.A-Chr16,m,689,WAF,18.09,42.76,24.67,10.5,0.39,17.04,500.29,53.38,4.76,0.52,1.21,147,178.16
B6.A-Chr16,m,690,WAF,18.57,43.26,24.69,10.5,0.39,19.81,470.35,58.36,4.03,0.47,1.22,70,85.19
B6.A-Chr16,m,691,WAF,18.84,45.59,26.75,10.4,0.42,16.76,1082.68,113.64,4.6,0.49,1.3,123,159.29
B6.A-Chr16,m,692,WAF,19.57,46.7,27.13,10.7,0.41,21.03,413.73,54.5,4.47,0.67,1.49,124,184.39
B6.A-Chr16,m,693,WAF,17.09,45.32,28.23,10.7,0.4,19.81,631.09,78.3,4.97,0.5,1.29,89,114.45
B6.A-Chr16,m,694,WAF,18.47,48.54,30.07,10.7,0.42,18.37,407.53,46.88,4.32,0.71,1.6,175,280.18
B6.A-Chr16,m,695,WAF,19.31,49.84,30.53,10.8,0.43,20.65,712.15,92.07,4.03,0.57,1.59,129,204.59
B6.A-Chr16,m,696,WAF,18.7,49.43,30.73,10.8,0.42,18.48,303.41,35.11,4.21,0.6,1.43,102,146.06
B6.A-Chr16,m,697,WAF,17.09,48.4,31.31,10.6,0.43,20.26,457.27,58.01,4.78,0.46,1.63,139,226.99
B6.A-Chr16,m,698,WAF,18.82,51.97,33.15,10.6,0.46,19.54,1188.52,145.4,5.15,0.64,1.79,165,295.52
B6.A-Chr17,m,699,ARC,19.92,31.91,11.99,10.5,0.29,10.66,33.04,2.2,3.51,0.59,1.1,169,185.9
B6.A-Chr17,m,700,ARC,19.62,32.53,12.91,10.5,0.3,10.99,26.68,1.84,4.21,0.54,1.13,124,139.75
B6.A-Chr17,m,701,ARC,13.46,26.59,13.13,10.2,0.26,8.27,30.46,1.58,2.63,0.43,0.99,123,121.4
B6.A-Chr17,m,702,ARC,13.31,26.61,13.3,10.2,0.26,5.77,49.05,1.77,3.12,1.23,0.93,165,152.96
B6.A-Chr17,m,703,ARC,19.6,33.09,13.49,10.5,0.3,12.54,32.18,2.53,3.82,0.99,1.04,115,119.26
B6.A-Chr17,m,704,ARC,13.04,26.75,13.71,10.1,0.26,8.05,17.55,0.88,2.83,0.52,0.94,90,84.24
B6.A-Chr17,m,705,ARC,20.97,34.85,13.88,10.5,0.32,16.04,40.1,4.03,4.65,0.52,1.15,120,138.48
B6.A-Chr17,m,706,ARC,18.22,32.23,14.01,10.4,0.3,14.43,37.17,3.36,4,0.67,1.06,121,128.62
B6.A-Chr17,m,707,ARC,20.33,34.65,14.32,10.7,0.3,10.99,22.55,1.55,4.19,0.6,1.16,130,150.8
B6.A-Chr17,m,708,ARC,21.9,36.52,14.62,10.5,0.33,13.88,71.08,6.18,4.73,0.47,1.15,117,135.02
B6.A-Chr17,m,709,ARC,19.72,35.92,16.2,10.5,0.33,13.6,49.22,4.19,4.37,1.2,1.05,119,125.19
B6.A-Chr17,m,710,ARC,18.96,35.17,16.21,10.7,0.31,9.55,33.22,1.99,3.69,0.5,1.23,139,171.39
B6.A-Chr17,m,711,ARC,20.57,37.07,16.5,10.6,0.33,12.71,55.93,4.45,4.5,0.88,1.12,140,156.66
B6.A-Chr17,m,712,ARC,19.05,36.94,17.89,10.5,0.34,11.49,36.14,2.6,4.19,0.51,1.16,110,128.04
B6.A-Chr17,m,713,ARC,20.33,38.39,18.06,10.3,0.36,12.38,117.37,9.1,4.45,1.15,1.09,144,157.39
B6.A-Chr17,m,714,ARC,18.11,36.34,18.23,10.3,0.34,14.21,144.39,12.85,4.58,0.64,1.08,137,147.69
B6.A-Chr17,m,715,ARC,22.23,40.68,18.45,10.8,0.35,14.65,58.17,5.34,4.84,0.49,1.29,112,144.14
B6.A-Chr17,m,716,ARC,18.52,37.29,18.77,10.6,0.33,13.76,33.39,2.88,4.45,0.65,1.15,106,122.11
B6.A-Chr17,m,717,ARC,20.06,38.84,18.78,10.6,0.35,15.71,87.77,8.63,4.42,0.6,1.17,111,129.87
B6.A-Chr17,m,718,ARC,18.38,37.44,19.06,10.3,0.35,12.65,117.72,9.33,4.03,0.93,1.09,175,190.75
B6.A-Chr17,m,719,ARC,17.31,36.75,19.44,10.4,0.34,15.93,84.5,8.43,3.93,0.7,1.06,144,152.64
B6.A-Chr17,m,720,ARC,18.22,40.34,22.12,10.6,0.36,14.15,144.05,12.77,4.55,0.44,1.23,106,130.49
B6.A-Chr17,m,721,WAF,16.25,27.7,11.45,10.5,0.25,7.49,31.49,1.48,3.35,0.67,1.07,95,101.56
B6.A-Chr17,m,722,WAF,17.57,30.06,12.49,10.5,0.27,11.32,33.73,2.39,3.2,0.79,1.04,122,126.51
B6.A-Chr17,m,723,WAF,17.44,30.14,12.7,10.7,0.26,10.77,29.95,2.02,3.15,0.51,1.02,92,93.84
B6.A-Chr17,m,724,WAF,18.34,32.32,13.98,10.7,0.28,10.82,28.57,1.94,3.93,0.63,1.13,124,139.62
B6.A-Chr17,m,725,WAF,16.58,31.08,14.5,10.5,0.28,9.66,33.04,2,3.56,0.44,1.06,108,114.8
B6.A-Chr17,m,726,WAF,16.44,31.49,15.05,10.5,0.29,6.16,25.13,0.97,3.67,0.95,1.21,94,114.02
B6.A-Chr17,m,727,WAF,16.91,32,15.09,10.4,0.3,10.6,104.12,6.91,3.33,0.74,1.1,133,146.03
B6.A-Chr17,m,728,WAF,18.77,33.92,15.15,10.5,0.31,9.71,35.45,2.16,4.03,1.01,1.12,118,132.28
B6.A-Chr17,m,729,WAF,19.46,36.87,17.41,10.5,0.33,14.99,56.28,5.28,3.9,0.66,1.18,125,147.38
B6.A-Chr17,m,730,WAF,16.51,34.63,18.12,10.4,0.32,13.88,88.98,7.73,3.43,0.54,1.11,107,118.56
B6.A-Chr17,m,731,WAF,17.4,35.91,18.51,10.5,0.33,10.38,54.21,3.52,3.67,1.03,1.2,139,166.8
B6.A-Chr17,m,732,WAF,18.4,39.02,20.62,10.7,0.34,13.93,150.93,13.17,3.82,1.07,1.12,125,140.38
B6.A-Chr17,m,733,WAF,16.36,38.97,22.61,10.5,0.35,16.54,172.79,17.9,4.06,1.04,1.15,143,164.02
B6.A-Chr17,m,734,WAF,18.1,41.5,23.4,10.8,0.36,14.1,90.87,8.02,3.95,1.05,1.18,120,141.24
B6.A-Chr18,m,735,ARC,19.97,39.36,19.39,10.5,0.36,10.99,92.07,6.34,3.56,1.09,1.05,153,160.8
B6.A-Chr18,m,736,ARC,13.85,34.11,20.26,10.4,0.32,11.1,75.21,5.23,4.29,0.99,1.06,109,115.54
B6.A-Chr18,m,737,ARC,19.89,43.47,23.58,10.4,0.4,13.6,331.12,28.19,4.32,0.78,1.21,198,239.78
B6.A-Chr18,m,738,ARC,22.09,46.16,24.07,10.6,0.41,16.54,274.5,28.43,4.58,0.68,1.81,319,576.75
B6.A-Chr18,m,739,ARC,19.25,43.92,24.67,10.4,0.41,12.49,338.18,26.44,4.42,1.03,1.27,178,225.88
B6.A-Chr18,m,740,ARC,18.36,43.45,25.09,10.4,0.4,14.82,124.94,11.59,4.47,0.89,1.28,217,277.98
B6.A-Chr18,m,741,ARC,19.09,45.27,26.18,10.7,0.4,13.82,129.42,11.2,4.29,0.41,1.32,175,230.3
B6.A-Chr18,m,742,ARC,19.82,46.11,26.29,10.5,0.42,17.82,376.55,42.01,4.84,0.56,1.46,292,426.9
B6.A-Chr18,m,743,ARC,19.14,45.45,26.31,10.4,0.42,18.26,126.15,14.42,4.78,0.66,1.44,239,342.97
B6.A-Chr18,m,744,ARC,17.49,44.08,26.59,10.4,0.41,15.6,262.62,25.65,4.94,0.64,1.35,226,306
B6.A-Chr18,m,745,ARC,17.14,44.3,27.16,10.4,0.41,14.82,188.11,17.46,4.97,1.37,1.27,175,222.25
B6.A-Chr18,m,746,ARC,19.71,47.65,27.94,10.6,0.42,18.93,523.53,62.04,4.97,1.33,1.48,219,323.03
B6.A-Chr18,m,747,ARC,19.41,47.7,28.29,10.5,0.43,19.2,377.07,45.34,5.3,0.66,1.62,278,450.92
B6.A-Chr18,m,748,ARC,18.19,46.6,28.41,10.3,0.44,16.43,200.5,20.63,4.58,0.81,1.34,185,247.72
B6.A-Chr18,m,749,ARC,18.01,46.58,28.57,10.3,0.44,17.98,238.53,26.86,5.17,0.62,1.57,270,423.36
B6.A-Chr18,m,750,ARC,17.75,48.3,30.55,10.3,0.46,14.87,324.06,30.18,5.56,1.04,1.55,219,339.01
B6.A-Chr18,m,751,ARC,15.44,46.01,30.57,10.3,0.43,16.04,223.73,22.47,4.71,0.59,1.43,226,323.63
B6.A-Chr18,m,752,ARC,19.66,51.02,31.36,10.5,0.46,17.65,306.17,33.84,4.81,0.42,1.79,328,586.14
B6.A-Chr18,m,753,ARC,18.78,50.43,31.65,10.4,0.47,17.7,288.1,31.94,5.33,0.71,2.48,393,976.21
B6.A-Chr18,m,754,ARC,16.5,48.99,32.49,10.5,0.44,15.98,746.05,74.67,4.47,1.24,1.49,227,338.68
B6.A-Chr18,m,755,ARC,19.66,52.35,32.69,10.6,0.47,19.98,345.92,43.28,4.73,0.54,2.73,380,1037.4
B6.A-Chr18,m,756,ARC,16.98,52.14,35.16,10.6,0.46,18.7,656.05,76.84,5.77,0.78,2.68,412,1102.1
B6.A-Chr18,m,757,ARC,22.06,58.27,36.21,10.8,0.5,19.92,468.97,58.51,4.71,0.73,2.95,373,1098.49
B6.A-Chr18,m,758,ARC,17.92,54.18,36.26,10.3,0.51,21.59,311.85,42.16,5.64,0.46,2.83,436,1235.62
B6.A-Chr18,m,759,WAF,15.15,33.57,18.42,10,0.34,13.93,607.69,53.01,3.41,0.72,0.96,122,117.49
B6.A-Chr18,m,760,WAF,15.82,40.8,24.98,10.4,0.38,16.15,170.55,17.25,3.82,0.41,1.07,162,173.99
B6.A-Chr18,m,761,WAF,16.71,43.57,26.86,10.5,0.4,18.93,291.19,34.51,3.98,0.73,1.16,128,148.35
B6.A-Chr18,m,762,WAF,19.99,46.91,26.92,10.5,0.43,18.37,678.93,78.1,4.65,1.03,1.35,140,189.14
B6.A-Chr18,m,763,WAF,16.57,43.66,27.09,10.4,0.4,15.26,162.98,15.58,3.72,0.42,1.25,180,225
B6.A-Chr18,m,764,WAF,18.25,47.72,29.47,10.6,0.43,20.59,586.52,75.63,5.02,0.73,1.6,216,346.03
B6.A-Chr18,m,765,WAF,18.96,49.28,30.32,10.4,0.46,21.59,740.03,100.05,4.97,1.11,1.77,203,358.5
B6.A-Chr18,m,766,WAF,20.41,51.57,31.16,10.5,0.47,23.42,441.61,64.77,4.89,0.67,1.82,265,483.1
B6.A-Chr18,m,767,WAF,20.13,52.51,32.38,10.6,0.47,23.92,417,62.46,5.2,0.48,2.15,276,594.5
B6.A-Chr18,m,768,WAF,13.92,46.73,32.81,10.7,0.41,19.15,201.01,24.1,4.47,0.4,1.46,201,293.06
B6.A-Chr18,m,769,WAF,20.9,54.83,33.93,10.8,0.47,23.25,713.35,103.88,4.45,0.71,2.13,289,616.15
B6.A-Chr18,m,770,WAF,21.42,55.4,33.98,10.8,0.48,20.59,547.62,70.61,4.94,0.6,2.49,374,930.89
B6.A-Chr18,m,771,WAF,18.05,52.9,34.85,10.5,0.48,19.09,398.58,47.65,4.19,0.63,2.29,330,756.03
B6.A-Chr18,m,772,WAF,21.7,62.6,40.9,11,0.52,23.48,386.19,56.77,4.86,1.14,2.56,305,779.28
B6.A-Chr19,m,773,ARC,19.07,33.93,14.86,10.3,0.32,8.66,28.74,1.56,2.78,0.9,1.06,152,161.27
B6.A-Chr19,m,774,ARC,20.73,37.91,17.18,10.5,0.34,7.38,20.82,0.96,3.3,1.05,1.19,125,149.13
B6.A-Chr19,m,775,ARC,18.98,37.11,18.13,10.7,0.32,10.16,360.03,22.9,3.77,0.62,1.18,187,220.66
B6.A-Chr19,m,776,ARC,19.04,38.1,19.06,10.3,0.36,11.66,159.02,11.61,4.24,0.57,1.02,145,147.47
B6.A-Chr19,m,777,ARC,17.95,37.82,19.87,10.5,0.34,9.05,33.9,1.92,3.48,0.75,1.17,156,183.22
B6.A-Chr19,m,778,ARC,17.98,38.93,20.95,10.3,0.37,14.87,165.9,15.45,4.32,0.49,1.34,131,175.93
B6.A-Chr19,m,779,ARC,16.71,37.82,21.11,10.3,0.36,12.88,222.35,17.93,4.06,0.81,1.15,109,124.81
B6.A-Chr19,m,780,ARC,16.85,38.17,21.32,10.3,0.36,14.49,206,18.69,3.9,1.5,1.14,115,131.22
B6.A-Chr19,m,781,ARC,18.72,40.69,21.97,10.3,0.38,12.6,168.49,13.29,4.6,0.79,1.14,141,160.6
B6.A-Chr19,m,782,ARC,19.6,43.68,24.08,10.5,0.4,14.43,139.23,12.58,4.97,1.43,1.28,132,168.43
B6.A-Chr19,m,783,ARC,21.44,45.97,24.53,10.8,0.39,12.99,300.66,24.45,4.6,1.16,1.21,116,140.48
B6.A-Chr19,m,784,ARC,19.69,45.23,25.54,10.5,0.41,19.04,387.23,46.16,4.86,0.55,1.38,138,190.58
B6.A-Chr19,m,785,ARC,20.56,46.54,25.98,10.5,0.42,16.76,273.98,28.76,4.63,0.59,1.28,143,182.9
B6.A-Chr19,m,786,ARC,18.21,45.42,27.21,10.6,0.4,17.82,551.92,61.57,4.68,0.82,1.29,120,155.16
B6.A-Chr19,m,787,ARC,22.88,50.51,27.63,10.7,0.44,18.15,543.32,61.75,5.07,0.92,1.56,145,226.64
B6.A-Chr19,m,788,ARC,21.72,49.49,27.77,10.8,0.42,16.59,570.68,59.3,5.17,1.05,1.56,200,312.2
B6.A-Chr19,m,789,ARC,21.02,51.89,30.87,10.5,0.47,20.31,637.97,81.15,5.41,0.7,2.17,287,621.64
B6.A-Chr19,m,790,ARC,19.05,50,30.95,10.5,0.45,17.32,303.07,32.86,4.37,0.43,1.78,292,520.64
B6.A-Chr19,m,791,ARC,18.31,52.32,34.01,10.7,0.46,15.15,334.73,31.76,4.42,1.25,1.75,117,204.28
B6.A-Chr19,m,792,WAF,17.44,38.34,20.9,10.2,0.37,15.26,162.12,15.49,4.84,0.93,1.12,114,127.34
B6.A-Chr19,m,793,WAF,19.67,40.77,21.1,10.7,0.36,17.87,436.96,48.9,4.45,1.93,1.15,102,117.2
B6.A-Chr19,m,794,WAF,18.15,39.98,21.83,10.3,0.38,17.54,607,66.66,4.63,0.63,1.1,103,112.79
B6.A-Chr19,m,795,WAF,17.98,44.52,26.54,10.7,0.39,18.7,436.45,51.12,5.1,1.11,1.27,124,157.85
B6.A-Chr19,m,796,WAF,14.27,44.36,30.09,10.5,0.4,18.81,579.12,68.23,4.58,0.65,1.28,112,143.58
B6.A-Chr19,m,797,WAF,17.18,47.3,30.12,10.5,0.43,17.32,402.03,43.59,5.07,0.87,1.47,119,174.45
B6.A-Chr19,m,798,WAF,19.4,49.55,30.15,10.5,0.45,20.54,492.55,63.34,5.56,0.52,1.81,203,367.63
B6.A-Chr19,m,799,WAF,18.55,48.71,30.16,10.6,0.43,20.98,619.04,81.33,4.34,1.4,1.55,171,264.88
B6.A-Chr19,m,800,WAF,15.76,46.96,31.2,10.5,0.43,15.98,238.87,23.91,5.3,1.17,1.34,143,192.19
B6.A-Chr19,m,801,WAF,16.4,47.67,31.27,10.5,0.43,24.36,488.76,74.57,4.58,0.42,1.46,137,199.47
B6.A-Chr19,m,802,WAF,20.75,53.29,32.54,10.7,0.47,22.48,1111.25,156.41,6.08,0.75,2.3,248,569.41
B6.A-Chr19,m,803,WAF,20.03,53.12,33.09,10.9,0.45,20.31,525.59,66.86,5.62,1.22,2.22,244,542.17
B6.A-Chr19,m,804,WAF,17.44,50.6,33.16,10.5,0.46,18.37,879.78,101.21,5.28,1.41,1.69,197,332.14
B6.A-Chr19,m,805,WAF,17.76,50.95,33.19,10.5,0.46,16.32,303.93,31.05,4.99,0.65,1.57,144,225.79
B6.A-Chr19,m,806,WAF,18.5,53.48,34.98,10.7,0.47,19.65,1383.51,170.21,4.52,0.65,1.96,262,514.57
B6.A-mt,m,807,WAF,19.6,31.83,12.23,10.4,0.29,8.49,39.07,2.08,2.91,0.38,1.11,108,120.2
B6.A-mt,m,808,WAF,19.91,34.34,14.43,10.3,0.32,14.37,169.69,15.27,3.8,0.73,1.05,128,134.02
B6.A-mt,m,809,WAF,16.63,31.54,14.91,10.4,0.29,10.88,48.02,3.27,2.99,0.82,0.98,134,131.86
B6.A-mt,m,810,WAF,15.85,31.21,15.36,10.3,0.29,10.77,17.73,1.2,2.91,0.81,1.02,141,143.26
B6.A-mt,m,811,WAF,17.8,34.02,16.22,10.5,0.31,8.38,50.6,2.66,3.3,0.88,1.05,135,142.02
B6.A-mt,m,812,WAF,20.72,36.97,16.25,10.5,0.34,13.26,71.42,5.93,3.69,0.78,1.1,129,142.42
B6.A-mt,m,813,WAF,15.33,32.03,16.7,10.5,0.29,12.04,56.28,4.24,3.35,0.64,0.99,130,128.44
B6.A-mt,m,814,WAF,18.75,36.16,17.41,10.4,0.33,17.65,307.71,34.01,3.17,0.44,1.19,136,161.3
B6.A-mt,m,815,WAF,19.56,37.02,17.46,10.2,0.36,16.76,526.8,55.29,4.42,0.67,1.02,105,106.89
B6.A-mt,m,816,WAF,18.41,36.84,18.43,10.4,0.34,14.6,400.3,36.59,3.95,0.88,1.06,147,155.82
B6.A-mt,m,817,WAF,15.95,34.92,18.97,10.6,0.31,15.1,109.46,10.35,3.15,0.43,1.11,70,77.7
B6.A-mt,m,818,WAF,17.71,37.33,19.62,10.7,0.33,12.32,116.51,8.99,3.33,0.41,1.28,99,126.82
B6.A-mt,m,819,WAF,19.29,39.1,19.81,10.3,0.37,14.65,412.01,37.8,4.11,0.67,1.14,122,139.57
B6.A-mt,m,820,WAF,19.12,39.71,20.59,10.6,0.35,12.99,139.92,11.38,3.8,0.75,1.18,108,127.22
B6.A-mt,m,821,WAF,17.25,38.12,20.87,10.6,0.34,16.76,141.64,14.87,4.03,0.71,1.12,119,133.16
B6.A-mt,m,822,WAF,20.21,41.89,21.68,10.7,0.37,17.37,193.96,21.1,3.8,0.39,1.42,181,257.38
B6.A-mt,m,823,WAF,20.61,42.33,21.72,10.6,0.38,16.93,346.44,36.72,4.42,1.06,1.18,114,134.63
B6.A-mt,m,824,WAF,19.22,41.04,21.82,10.5,0.37,18.98,243.18,28.9,4.21,0.54,1.2,121,145.32
B6.A-mt,m,825,WAF,17.92,39.81,21.89,10.6,0.35,17.04,132.52,14.14,4.24,0.83,1.19,101,120.59
B6.A-mt,m,826,WAF,16.14,38.22,22.08,10.5,0.35,16.54,181.74,18.82,3.67,0.78,1.14,108,123.44
B6.A-mt,m,827,WAF,18.79,40.93,22.14,10.5,0.37,18.98,340.41,40.46,4.63,0.44,1.25,131,163.88
B6.A-mt,m,828,WAF,19.31,41.73,22.42,10.4,0.39,15.48,293.26,28.44,4.6,0.71,1.2,144,172.22
B6.A-mt,m,829,WAF,20.18,42.82,22.64,10.5,0.39,20.92,355.9,46.63,4.13,0.44,1.32,122,160.43
B6.A-mt,m,830,WAF,17.08,41.6,24.52,11,0.34,18.09,295.5,33.48,4.29,0.59,1.26,136,171.5
B6.A-ChrX,m,831,ARC,18.31,42.36,24.05,10.7,0.37,11.99,292.4,21.95,4.13,1,1.22,129,156.99
B6.A-ChrX,m,832,ARC,19.36,44.26,24.9,10.6,0.39,15.82,366.23,36.28,5.04,0.57,1.33,160,213.28
B6.A-ChrX,m,833,ARC,20.83,46.31,25.48,10.5,0.42,17.26,495.3,53.54,5.23,0.51,1.65,332,547.14
B6.A-ChrX,m,834,ARC,18.75,44.71,25.96,10.5,0.41,19.09,236.12,28.23,4.76,0.57,1.63,225,366.53
B6.A-ChrX,m,835,ARC,20.32,46.34,26.02,10.7,0.41,16.04,161.95,16.27,4.39,0.73,1.54,230,355.12
B6.A-ChrX,m,836,ARC,21.3,47.65,26.35,10.4,0.44,18.54,344.2,39.95,5.3,0.5,2.15,313,672.95
B6.A-ChrX,m,837,ARC,20.73,47.3,26.57,10.5,0.43,19.09,260.39,31.13,4.45,0.82,1.33,175,233.28
B6.A-ChrX,m,838,ARC,21.27,48.67,27.4,10.7,0.43,17.26,443.5,47.94,5.17,0.78,1.94,336,652.18
B6.A-ChrX,m,839,ARC,19.36,47.23,27.87,10.6,0.42,16.82,415.79,43.79,4.47,0.56,1.64,198,323.73
B6.A-ChrX,m,840,ARC,21.29,49.61,28.32,10.5,0.45,16.48,1224.66,126.41,5.54,0.56,1.96,301,590.56
B6.A-ChrX,m,841,ARC,18.47,47.11,28.64,10.5,0.43,17.15,243.35,26.13,4.76,0.47,1.71,243,415.53
B6.A-ChrX,m,842,ARC,20.61,50.36,29.75,10.6,0.45,19.2,1008.51,121.27,5.67,0.67,2.38,338,803.76
B6.A-ChrX,m,843,ARC,19.88,50.23,30.35,10.5,0.46,16.21,402.37,40.83,5.12,0.55,2.46,335,823.77
B6.A-ChrX,m,844,ARC,21.32,52.46,31.14,10.7,0.46,16.37,528.69,54.2,5.43,1,2.45,330,807.51
B6.A-ChrX,m,845,ARC,20.03,52.27,32.24,10.7,0.46,18.37,426.81,49.1,5.41,0.54,2.54,344,872.73
B6.A-ChrX,m,846,WAF,15.44,34.86,19.42,10.4,0.32,13.26,236.81,19.67,3.87,1.13,1.04,124,128.96
B6.A-ChrX,m,847,WAF,15.54,35.29,19.75,10.4,0.33,14.71,502.19,46.25,3.77,0.7,1.05,145,151.53
B6.A-ChrX,m,848,WAF,17.03,38.87,21.84,10.4,0.36,17.15,243.87,26.19,4.29,0.65,1.08,110,118.8
B6.A-ChrX,m,849,WAF,17.44,40.28,22.84,10.7,0.35,12.04,191.03,14.41,3.3,0.49,1.23,148,182.63
B6.A-ChrX,m,850,WAF,20.86,44.38,23.52,10.7,0.39,18.87,383.96,45.37,4.63,0.54,1.41,174,245.69
B6.A-ChrX,m,851,WAF,20.06,44.32,24.26,10.5,0.4,16.21,728.67,73.95,4.5,0.95,1.39,250,347
B6.A-ChrX,m,852,WAF,17.96,42.45,24.49,10.5,0.39,14.15,621.63,55.09,4.19,0.48,1.32,199,263.28
B6.A-ChrX,m,853,WAF,20.61,45.17,24.56,10.6,0.4,18.26,548.14,62.68,3.8,0.44,1.49,218,325.26
B6.A-ChrX,m,854,WAF,21.07,46.22,25.15,10.6,0.41,15.71,218.91,21.53,4.13,1.41,1.3,116,150.92
B6.A-ChrX,m,855,WAF,19.16,45.09,25.93,10.9,0.38,16.32,343.17,35.06,4.24,0.72,1.37,112,153.33
B6.A-ChrX,m,856,WAF,16.38,42.6,26.22,10.6,0.38,16.65,416.14,43.39,4.19,0.88,1.31,173,226.63
B6.A-ChrX,m,857,WAF,20.16,46.49,26.33,10.6,0.41,16.1,646.92,65.2,4.19,0.96,1.31,131,171.74
B6.A-ChrX,m,858,WAF,20.1,46.74,26.64,10.6,0.42,17.21,700.1,75.43,4.47,0.57,1.41,141,199.09
B6.A-ChrX,m,859,WAF,21,49.56,28.56,10.7,0.43,16.71,1167.7,122.15,4.24,0.55,1.6,122,195.32
B6.A-ChrX,m,860,WAF,20.49,49.32,28.83,10.7,0.43,14.65,905.25,83.06,4.63,0.92,1.75,275,481.8
B6.A-ChrX,m,861,WAF,19.53,48.47,28.94,10.5,0.44,21.37,492.55,65.91,4.45,0.51,1.85,275,508.75
B6.A-ChrX,m,862,WAF,20.24,50.09,29.85,10.6,0.45,18.7,1049.98,122.98,4.68,0.93,2.08,231,479.79
B6.A-ChrX,m,863,WAF,19.24,50.4,31.16,10.6,0.45,20.31,569.65,72.46,4.29,0.48,2.05,251,514.55
B6.A-ChrX,m,864,WAF,18.73,50.06,31.33,10.6,0.45,15.93,1428.09,142.45,4.58,0.8,1.76,300,529.2
B6.A-ChrX,m,865,WAF,20.53,51.98,31.45,10.8,0.45,18.65,313.22,36.58,4.24,1,2.19,272,595.14
B6.A-ChrX,m,866,WAF,18.96,52.17,33.21,10.7,0.46,17.7,238.87,26.48,4.78,1.22,1.71,264,450.38
B6.A-ChrY,m,867,ARC,19.37,32.43,13.06,10.2,0.31,11.54,33.39,2.41,3.98,0.75,0.96,104,100.26
B6.A-ChrY,m,868,ARC,20.43,36.03,15.6,10.3,0.34,15.15,54.04,5.13,4.42,0.84,1.1,107,117.7
B6.A-ChrY,m,869,ARC,20.6,36.51,15.91,10.5,0.33,14.21,88.8,7.9,3.85,0.6,1,106,106.21
B6.A-ChrY,m,870,ARC,19.24,35.78,16.54,10.3,0.34,11.77,26.33,1.94,4.47,0.83,1.05,116,122.26
B6.A-ChrY,m,871,ARC,19.43,37.31,17.88,10.5,0.34,13.54,71.59,6.07,4.08,0.64,1.09,121,131.41
B6.A-ChrY,m,872,ARC,21.01,39.15,18.14,10.6,0.35,12.04,89.15,6.72,4.63,1.03,1.12,122,137.01
B6.A-ChrY,m,873,ARC,19.15,38.07,18.92,10.7,0.33,11.43,91.9,6.58,4.24,1.12,1.11,135,150.26
B6.A-ChrY,m,874,ARC,20.34,39.43,19.09,10.4,0.37,11.27,62.99,4.44,3.8,0.88,1.09,123,133.82
B6.A-ChrY,m,875,ARC,19.49,40.01,20.52,10.4,0.37,15.82,103.6,10.26,4.08,0.76,1.14,146,165.86
B6.A-ChrY,m,876,ARC,19.81,41.4,21.59,10.5,0.38,15.82,363.99,36.05,4.45,0.93,1.2,136,163.34
B6.A-ChrY,m,877,ARC,19.89,41.55,21.66,10.4,0.38,16.93,195.51,20.72,4.5,0.87,1.2,163,195.44
B6.A-ChrY,m,878,ARC,19.05,40.9,21.85,10.4,0.38,16.37,256.08,26.26,4.11,0.59,1.17,114,133.72
B6.A-ChrY,m,879,ARC,20.19,42.82,22.63,10.5,0.39,15.48,318.56,30.89,4.65,0.59,1.32,169,223.42
B6.A-ChrY,m,880,ARC,19.99,42.97,22.98,10.4,0.4,13.6,201.87,17.19,4.73,1.05,1.3,194,251.81
B6.A-ChrY,m,881,ARC,20.86,45.46,24.6,10.5,0.41,14.82,397.03,36.84,4.47,0.64,1.44,221,317.8
B6.A-ChrY,m,882,ARC,20.4,45.43,25.03,10.5,0.41,17.26,346.09,37.41,4.68,0.8,1.64,255,419.22
B6.A-ChrY,m,883,ARC,20.52,45.68,25.16,10.6,0.41,14.65,230.1,21.11,4.86,0.62,1.63,256,416.26
B6.A-ChrY,m,884,ARC,18.31,45.39,27.08,10.7,0.4,15.76,181.39,17.9,4.08,0.84,1.46,173,252.93
B6.A-ChrY,m,885,WAF,20.31,31.95,11.64,10.4,0.3,11.66,69.7,5.09,2.86,0.3,1.25,31,38.63
B6.A-ChrY,m,886,WAF,19.55,32.47,12.92,10.5,0.3,14.99,173.82,16.31,2.83,0.43,1.14,48,54.82
B6.A-ChrY,m,887,WAF,17,30.54,13.54,10,0.31,16.65,127.87,13.33,3.28,0.46,1.16,122,141.52
B6.A-ChrY,m,888,WAF,17.76,32.14,14.38,10.3,0.3,15.04,149.9,14.12,2.96,0.49,1.16,144,167.33
B6.A-ChrY,m,889,WAF,19.82,34.95,15.13,10.4,0.32,16.1,286.37,28.86,3.2,0.48,1.14,71,80.94
B6.A-ChrY,m,890,WAF,18.06,34.84,16.78,10.4,0.32,14.65,138.2,12.68,3.61,0.35,1.24,165,203.78
B6.A-ChrY,m,891,WAF,17.85,34.64,16.79,10.3,0.33,14.54,225.62,20.54,3.59,0.54,1.07,137,146.86
B6.A-ChrY,m,892,WAF,18.88,38.06,19.18,10.6,0.34,14.26,268.82,24.01,3.17,0.3,1.22,161,197.06
B6.A-ChrY,m,893,WAF,16.71,36.28,19.57,10.2,0.35,14.15,71.08,6.3,4.45,0.8,1.05,127,133.35
B6.A-ChrY,m,894,WAF,17.95,37.94,19.99,10.5,0.34,18.87,210.31,24.85,4.32,0.56,1.11,133,147.9
B6.A-ChrY,m,895,WAF,17.41,37.9,20.49,10.2,0.36,18.87,275.19,32.52,3.87,0.52,1.1,112,123.31
B6.A-ChrY,m,896,WAF,19.41,40.67,21.26,10.4,0.38,17.09,306.51,32.81,4.42,0.54,1.13,110,124.08
B6.A-ChrY,m,897,WAF,19.6,41.27,21.67,10.4,0.38,16.43,300.49,30.91,4.39,0.76,1.14,141,160.88
C57BL/6J,m,915,ARC,17.86,46.41,28.55,10.4,0.43,14.65,272.78,25.03,4.16,0.84,1.69,133,224.77
C57BL/6J,m,916,ARC,18.77,40.5,21.73,10.3,0.38,16.15,254.54,25.74,4.65,0.46,1.46,245,358.68
C57BL/6J,m,917,ARC,17.67,45.51,27.84,10.3,0.43,20.42,412.87,52.8,4.42,0.43,2.35,208,488.38
C57BL/6J,m,918,ARC,18.79,46.55,27.76,10.2,0.45,19.92,519.74,64.85,5.62,0.55,2.02,297,599.64
C57BL/6J,m,919,ARC,16.49,45.95,29.46,10.3,0.43,19.26,343.34,41.41,5.12,0.42,1.78,241,429.22
C57BL/6J,m,920,ARC,16.24,44.47,28.23,10.1,0.44,21.48,569.82,76.64,5.85,0.55,1.98,271,535.5
C57BL/6J,m,921,ARC,18.01,36.22,18.21,10.2,0.35,16.65,211.68,22.07,4.86,0.46,1.28,161,205.92
C57BL/6J,m,922,ARC,18.68,40.66,21.98,10.2,0.39,17.76,160.57,17.86,5.15,0.46,1.7,229,388.38
C57BL/6J,m,923,ARC,16.68,37.29,20.61,10.4,0.35,10.66,33.56,2.24,3.38,0.42,1.23,211,258.69
C57BL/6J,m,924,ARC,15.15,37.46,22.31,10.3,0.35,13.82,226.83,19.63,4.16,0.35,1.3,201,261.5
C57BL/6J,m,925,ARC,17.78,35.12,17.34,9.9,0.36,14.32,127.53,11.43,3.95,0.48,1.17,139,162.21
C57BL/6J,m,926,ARC,16.89,26.95,10.06,10.3,0.25,3.89,40.27,0.98,2.7,0.39,0.99,101,99.69
C57BL/6J,m,927,ARC,20.77,47.08,26.31,10.6,0.42,14.99,367.95,34.53,4.78,0.71,1.73,257,444.1
C57BL/6J,m,928,ARC,17.34,35.03,17.69,10.4,0.32,11.38,73.49,5.24,2.42,0.73,0.87,137,119.46
C57BL/6J,m,929,ARC,20.75,46.29,25.54,11,0.38,18.09,624.9,70.8,4.55,0.48,1.59,188,298.36
C57BL/6J,m,930,ARC,20.2,40.84,20.64,10.4,0.38,13.43,376.55,31.67,4.45,0.3,1.33,199,265.27
C57BL/6J,m,931,ARC,20.26,47.04,26.78,10.6,0.42,15.32,412.87,39.6,4.47,0.39,1.74,293,508.36
C57BL/6J,m,932,ARC,16.89,26.95,10.06,10.3,0.25,4.5,41.13,1.16,2.7,0.38,0.99,101,99.69
C57BL/6J,m,933,ARC,17.14,29.02,11.88,10.2,0.28,9.32,25.47,1.49,2.78,0.76,0.99,125,123.5
C57BL/6J,m,934,ARC,22.04,37.56,15.52,10.7,0.33,9.71,9.29,0.57,3.02,0.91,1.18,86,101.22
C57BL/6J,m,935,ARC,21.25,37.52,16.27,10.7,0.33,13.71,31.32,2.69,3.56,0.76,1.24,60,74.16
C57BL/6J,m,936,ARC,20.73,37.37,16.64,10.6,0.33,10.27,57.14,3.67,3.85,0.8,1.26,135,169.83
C57BL/6J,m,937,ARC,18.25,35.26,17.01,10.5,0.32,13.71,40.62,3.49,3.85,0.55,1.12,105,117.29
C57BL/6J,m,938,ARC,20.97,39.14,18.17,10.5,0.36,10.66,57.83,3.86,4.13,1.71,1.15,108,123.98
C57BL/6J,m,939,ARC,18.91,38.54,19.63,10.6,0.34,10.43,186.56,12.19,3.02,1.03,1.18,66,77.55
C57BL/6J,m,940,ARC,21.67,41.65,19.98,10.8,0.36,12.21,264.69,20.24,4.21,1.33,1.32,156,205.76
C57BL/6J,m,941,ARC,20.2,40.84,20.64,10.4,0.38,14.26,368.29,32.9,4.45,0.27,1.33,199,265.27
C57BL/6J,m,942,ARC,20.68,42.19,21.51,10.6,0.38,12.04,183.29,13.82,3.72,0.58,1.36,175,237.65
C57BL/6J,m,943,ARC,22.16,44.34,22.18,10.9,0.37,10.82,400.13,27.12,3.61,0.89,1.29,144,185.47
C57BL/6J,m,944,ARC,19.96,43.17,23.21,10.9,0.36,10.55,83.47,5.51,3.54,0.41,1.39,216,300.46
C57BL/6J,m,945,ARC,23.47,47.78,24.31,10.9,0.4,12.77,228.38,18.26,4.89,0.91,1.48,236,349.52
C57BL/6J,m,946,ARC,19.99,44.4,24.41,10.6,0.4,10.16,218.57,13.9,4.24,0.41,1.35,210,283.5
C57BL/6J,m,947,ARC,23.36,48.13,24.77,10.6,0.43,18.37,575.85,66.24,4.6,0.54,1.96,305,597.8
C57BL/6J,m,948,ARC,21.95,47.46,25.51,10.7,0.42,16.98,382.58,40.69,4.47,0.59,1.74,274,477.03
C57BL/6J,m,949,ARC,20.75,46.29,25.54,11,0.38,18.93,630.57,74.73,4.55,0.47,1.59,188,298.36
C57BL/6J,m,950,ARC,21.3,46.88,25.58,10.6,0.42,13.32,398.93,33.27,4.39,0.68,1.68,256,431.1
C57BL/6J,m,951,ARC,20.77,47.08,26.31,10.6,0.42,16.32,360.72,36.86,4.78,0.57,1.73,257,444.1
C57BL/6J,m,952,ARC,22.81,49.13,26.32,10.6,0.44,15.98,534.89,53.54,4.47,0.51,1.98,252,498.96
C57BL/6J,m,953,ARC,23.26,49.97,26.71,10.7,0.44,14.15,379.31,33.62,4.63,0.59,2.08,342,709.99
C57BL/6J,m,954,ARC,22.61,49.33,26.72,10.6,0.44,19.26,473.62,57.12,4.76,0.64,2.02,322,650.12
C57BL/6J,m,955,ARC,20.26,47.04,26.78,10.6,0.42,16.65,410.11,42.76,4.47,0.39,1.74,293,508.36
C57BL/6J,m,956,ARC,21.49,48.33,26.84,10.6,0.43,17.48,589.1,64.49,5.23,0.81,1.7,264,449.06
C57BL/6J,m,957,ARC,22.91,50.89,27.98,11,0.42,13.32,171.07,14.27,4.47,0.46,1.7,202,344.01
C57BL/6J,m,958,ARC,22.4,51.01,28.61,10.9,0.43,15.1,288.96,27.32,4.6,0.79,1.92,283,541.95
C57BL/6J,m,959,ARC,18.64,47.77,29.13,10.6,0.43,17.04,429.73,45.85,5.17,0.64,1.58,196,310.46
C57BL/6J,m,960,ARC,23,55.33,32.33,10.7,0.48,13.93,1102.3,96.16,4.86,1,2.35,370,869.87
C57BL/6J,m,961,WAF,18.98,36.1,17.12,10.5,0.33,6.16,95.17,3.67,2.76,0.46,1.39,120,166.92
C57BL/6J,m,962,WAF,19.25,36.84,17.59,10.5,0.33,13.43,512.69,43.12,3.41,0.32,1.41,226,318.43
C57BL/6J,m,963,WAF,20.62,38.35,17.73,10.7,0.34,11.54,125.63,9.08,3.22,0.32,1.35,127,171.58
C57BL/6J,m,964,WAF,17.52,36.68,19.16,10.3,0.35,15.87,286.2,28.45,3.69,0.38,1.27,159,201.93
C57BL/6J,m,965,WAF,18.43,38.51,20.08,10.5,0.35,11.04,95.17,6.58,3.41,0.36,1.46,208,303.68
C57BL/6J,m,966,WAF,16.45,38.02,21.57,10.5,0.35,15.71,214.09,21.06,3.8,0.35,1.39,172,239.6
C57BL/6J,m,967,WAF,19.26,43.16,23.9,10.6,0.38,21.98,268.3,36.93,4.16,0.59,1.25,127,158.62
C57BL/6J,m,968,WAF,21.28,45.82,24.54,10.8,0.39,12.38,224.76,17.42,4.06,0.58,1.61,138,222.18
C57BL/6J,m,969,WAF,22.44,48.64,26.2,10.8,0.42,14.6,416.83,38.1,4.32,0.38,2.17,280,607.32
C57BL/6J,m,970,WAF,19,47.75,28.75,10.6,0.43,18.7,477.23,55.89,4.73,0.57,1.52,199,303.08
C57BL/6J,m,971,WAF,17.62,47.04,29.42,10.3,0.44,19.43,853.96,103.88,4.08,0.31,1.59,232,368.65
C57BL/6J,m,972,WAF,20.15,51.32,31.17,10.9,0.43,20.59,764.3,98.55,6.03,0.5,3.24,387,1255.04
C57BL/6J,m,973,WAF,19.94,48.78,28.84,10.7,0.43,20.37,945.86,120.64,5.02,0.42,2.19,347,758.89
C57BL/6J,m,974,WAF,19.82,49.99,30.17,10.7,0.44,20.81,798.72,104.1,4.52,0.7,2.28,331,756
C57BL/6J,m,975,WAF,20.54,52.55,32.01,10.7,0.46,15.71,733.83,72.18,5.59,0.67,3.32,366,1215.85
C57BL/6J,m,976,WAF,20.02,49.31,29.29,10.7,0.43,22.09,663.45,91.77,5.59,0.58,2.53,350,885.15
C57BL/6J,m,977,WAF,20.31,51.19,30.88,10.8,0.44,17.7,380.69,42.21,5.69,0.68,2.44,341,831.7
C57BL/6J,m,978,WAF,19.45,42.42,22.97,10.6,0.38,18.2,521.64,59.46,5.1,0.65,1.31,174,227.59
C57BL/6J,m,979,WAF,20.01,50.13,30.12,10.7,0.44,19.87,1201.77,149.53,5.43,0.51,2.32,363,842.89
C57BL/6J,m,980,WAF,19.11,48.96,29.85,10.6,0.44,19.98,525.94,65.8,5.3,0.48,2.38,331,788.11
C57BL/6J,m,981,WAF,17.64,33.16,15.52,10.7,0.29,11.32,123.91,8.79,3.02,0.62,1.07,85,90.87
C57BL/6J,m,982,WAF,21.21,39.11,17.9,10.7,0.34,12.82,103.26,8.29,3.67,0.71,1.28,135,172.67
C57BL/6J,m,983,WAF,20.48,47.91,27.43,10.7,0.42,23.03,1143.09,164.87,4.99,0.52,1.87,260,484.9
C57BL/6J,m,984,WAF,20.84,50.23,29.39,10.7,0.44,21.53,660.52,89.07,4.63,0.36,1.87,237,442.72
C57BL/6J,m,985,WAF,20.67,50.76,30.09,10.7,0.44,21.65,481.88,65.32,4.94,0.66,2.17,303,656.3
C57BL/6J,m,986,WAF,21.29,44.05,22.76,11,0.36,15.65,508.04,49.79,3.95,0.51,1.39,138,191.41
C57BL/6J,m,987,WAF,18.85,47.27,28.42,10.7,0.41,16.82,676.18,71.21,4.55,0.68,1.86,305,566.69
C57BL/6J,m,988,WAF,18.78,48.13,29.35,10.7,0.42,19.65,1064.27,130.94,5.1,0.57,2.14,357,762.55
C57BL/6J,m,989,WAF,19.81,48.64,28.83,10.7,0.43,19.43,1341.69,163.2,5.33,0.54,2.33,358,832.71
C57BL/6J,m,990,WAF,20.35,49.69,29.34,10.8,0.43,17.76,1160.13,129.02,4.94,0.42,2.65,368,973.73
C57BL/6J,m,991,WAF,19.45,45.13,25.68,10.6,0.4,14.37,809.9,72.9,5.07,0.5,1.85,299,551.95
C57BL/6J,m,992,WAF,19.97,44,24.03,10.3,0.42,19.43,667.92,81.25,4.71,0.46,1.59,258,409.45
C57BL/6J,m,993,WAF,21.71,50.8,29.09,10.8,0.44,18.04,1626.52,183.72,5.1,0.44,2.62,378,991.87
C57BL/6J,m,994,WAF,19.97,45.82,25.85,10.8,0.39,17.7,379.31,42.05,4.71,0.7,1.39,172,239.25
C57BL/6J,m,995,WAF,22.61,51.62,29.01,11,0.43,17.98,762.58,85.87,4.73,0.91,1.89,283,534.59
C57BL/6J,m,996,WAF,17.62,36.01,18.39,10.6,0.32,13.21,78.48,6.49,3.87,0.54,1.06,116,122.5
C57BL/6J,m,997,WAF,20.15,44.66,24.51,10.5,0.41,19.26,479.81,57.86,4.32,0.58,1.6,218,349.45
C57BL/6J,m,998,WAF,22.25,49.11,26.86,10.8,0.42,17.93,610.09,68.49,4.65,0.49,1.87,242,451.57
C57BL/6J,m,999,WAF,22,49.81,27.81,10.7,0.44,17.26,453.14,48.98,4.39,0.4,1.86,224,416.64
C57BL/6J,m,1000,WAF,18.18,31.1,12.92,10.4,0.29,9.32,26.68,1.56,2.6,0.56,1.12,49,54.73
C57BL/6J,m,1001,WAF,19.8,37.53,17.73,10.5,0.34,12.99,54.56,4.44,3.59,0.55,1.21,130,157.04
C57BL/6J,m,1002,WAF,19.46,41.18,21.72,10.3,0.39,16.87,275.36,29.09,4.13,0.66,1.28,155,198.87
C57BL/6J,m,1003,WAF,18.66,47.62,28.96,10.8,0.41,16.04,574.81,57.73,4.76,0.47,1.7,252,428.65
C57BL/6J,m,1004,WAF,20.52,49.14,28.62,10.8,0.42,17.93,382.75,42.97,4.68,0.46,2.11,301,634.51
C57BL/6J,m,1005,WAF,19.72,50.1,30.38,10.8,0.43,17.93,569.65,63.95,4.55,0.54,2.41,350,842.1
C57BL/6J,m,1006,WAF,19.65,49.22,29.57,10.7,0.43,17.26,362.96,39.23,5.25,0.42,2.9,418,1211.78
C57BL/6J,m,1007,WAF,15.87,38.53,22.66,10.4,0.36,16.76,261.94,27.49,4.6,0.51,1.27,193,245.5
C57BL/6J,m,1008,WAF,19,47.26,28.26,10.7,0.41,20.98,595.81,78.27,4.84,0.71,2.09,295,615.67
C57BL/6J,m,1009,WAF,19.59,41.68,22.09,10.6,0.37,13.93,142.15,12.4,4.29,0.74,1.38,146,201.92
C57BL/6J,m,1010,WAF,18.21,32.7,14.49,10.6,0.29,13.49,37,3.12,3.07,0.54,1.2,118,141.01
